-- phpMyAdmin SQL Dump
-- version 5.2.1
-- https://www.phpmyadmin.net/
--
-- Host: 127.0.0.1
-- Generation Time: Nov 12, 2025 at 06:18 PM
-- Server version: 10.4.32-MariaDB
-- PHP Version: 8.0.30

SET SQL_MODE = "NO_AUTO_VALUE_ON_ZERO";
START TRANSACTION;
SET time_zone = "+00:00";


/*!40101 SET @OLD_CHARACTER_SET_CLIENT=@@CHARACTER_SET_CLIENT */;
/*!40101 SET @OLD_CHARACTER_SET_RESULTS=@@CHARACTER_SET_RESULTS */;
/*!40101 SET @OLD_COLLATION_CONNECTION=@@COLLATION_CONNECTION */;
/*!40101 SET NAMES utf8mb4 */;

--
-- Database: `dongson_website`
--

-- --------------------------------------------------------

--
-- Table structure for table `banners`
--

CREATE TABLE `banners` (
  `id` int(11) NOT NULL,
  `title` varchar(255) DEFAULT NULL,
  `location_code` varchar(50) NOT NULL,
  `image_path` varchar(255) NOT NULL,
  `link_url` varchar(500) DEFAULT NULL,
  `is_active` tinyint(1) DEFAULT 1,
  `sort_order` int(11) DEFAULT 0,
  `created_at` timestamp NOT NULL DEFAULT current_timestamp(),
  `updated_at` timestamp NULL DEFAULT NULL ON UPDATE current_timestamp()
) ENGINE=InnoDB DEFAULT CHARSET=utf8mb4 COLLATE=utf8mb4_general_ci;

-- --------------------------------------------------------

--
-- Table structure for table `categories`
--

CREATE TABLE `categories` (
  `id` int(11) NOT NULL,
  `parent_id` int(11) DEFAULT NULL,
  `name` varchar(255) NOT NULL,
  `slug` varchar(255) NOT NULL,
  `type` enum('product','post') NOT NULL,
  `description` text DEFAULT NULL,
  `is_active` tinyint(1) DEFAULT 1,
  `sort_order` int(11) DEFAULT 0,
  `created_at` timestamp NOT NULL DEFAULT current_timestamp(),
  `updated_at` timestamp NOT NULL DEFAULT current_timestamp() ON UPDATE current_timestamp()
) ENGINE=InnoDB DEFAULT CHARSET=utf8mb4 COLLATE=utf8mb4_unicode_ci;

--
-- Dumping data for table `categories`
--

INSERT INTO `categories` (`id`, `parent_id`, `name`, `slug`, `type`, `description`, `is_active`, `sort_order`, `created_at`, `updated_at`) VALUES
(1, NULL, 'Sản phẩm cho trâu bò dê cừu', 'san-pham-cho-trau-bo-de-cuu', 'product', NULL, 1, 1, '2025-11-12 14:29:00', '2025-11-12 14:29:00'),
(2, NULL, 'Sản phẩm cho cá', 'san-pham-cho-ca', 'product', NULL, 1, 2, '2025-11-12 14:29:00', '2025-11-12 14:29:00'),
(3, NULL, 'Sản phẩm cho chó mèo', 'san-pham-cho-cho-meo', 'product', NULL, 1, 3, '2025-11-12 14:29:00', '2025-11-12 14:29:00'),
(4, NULL, 'Sản phẩm cho gia cầm', 'san-pham-cho-gia-cam', 'product', NULL, 1, 4, '2025-11-12 14:29:00', '2025-11-12 14:29:00'),
(5, NULL, 'Sản phẩm cho heo', 'san-pham-cho-heo', 'product', NULL, 1, 5, '2025-11-12 14:29:00', '2025-11-12 14:29:00'),
(6, NULL, 'Sản phẩm cho tôm', 'san-pham-cho-tom', 'product', NULL, 1, 6, '2025-11-12 14:29:00', '2025-11-12 14:29:00'),
(7, 1, 'Cung cấp dinh dưỡng, canxi', 'trau-bo-cung-cap-dinh-duong-canxi', 'product', NULL, 1, 1, '2025-11-12 14:29:00', '2025-11-12 14:29:00'),
(8, 1, 'Kháng sinh phòng trị bệnh', 'trau-bo-khang-sinh-phong-tri-benh', 'product', NULL, 1, 2, '2025-11-12 14:29:00', '2025-11-12 14:29:00'),
(9, 1, 'Kháng viêm, giảm đau, hạ sốt', 'trau-bo-khang-viem-giam-dau-ha-sot', 'product', NULL, 1, 3, '2025-11-12 14:29:00', '2025-11-12 14:29:00'),
(10, 1, 'Kích thích tố sinh dục', 'trau-bo-kich-thich-to-sinh-duc', 'product', NULL, 1, 4, '2025-11-12 14:29:00', '2025-11-12 14:29:00'),
(11, 1, 'Men tiêu hóa', 'trau-bo-men-tieu-hoa', 'product', NULL, 1, 5, '2025-11-12 14:29:00', '2025-11-12 14:29:00'),
(12, 1, 'Phòng trị ký sinh trùng', 'trau-bo-phong-tri-ky-sinh-trung', 'product', NULL, 1, 6, '2025-11-12 14:29:00', '2025-11-12 14:29:00'),
(13, 1, 'Thuốc khác', 'trau-bo-thuoc-khac', 'product', NULL, 1, 7, '2025-11-12 14:29:00', '2025-11-12 14:29:00'),
(14, 1, 'Thuốc khử trùng', 'trau-bo-thuoc-khu-trung', 'product', NULL, 1, 8, '2025-11-12 14:29:00', '2025-11-12 14:29:00'),
(15, 2, 'Nhóm dinh dưỡng và vi sinh có lợi', 'ca-dinh-duong-va-vi-sinh-co-loi', 'product', NULL, 1, 1, '2025-11-12 14:29:00', '2025-11-12 14:29:00'),
(16, 2, 'Nhóm khử trùng nước và vi sinh xử lý nước', 'ca-khu-trung-nuoc-va-vi-sinh-xu-ly-nuoc', 'product', NULL, 1, 2, '2025-11-12 14:29:00', '2025-11-12 14:29:00'),
(17, 2, 'Nhóm thuốc dành cho cá cảnh', 'ca-thuoc-danh-cho-ca-canh', 'product', NULL, 1, 3, '2025-11-12 14:29:00', '2025-11-12 14:29:00'),
(18, 2, 'Nhóm thuốc phòng, trị bệnh', 'ca-thuoc-phong-tri-benh', 'product', NULL, 1, 4, '2025-11-12 14:29:00', '2025-11-12 14:29:00'),
(19, 2, 'Vitamin và khoáng chất thiết yếu cho cá', 'ca-vitamin-va-khoang-chat-thiet-yeu', 'product', NULL, 1, 5, '2025-11-12 14:29:00', '2025-11-12 14:29:00'),
(20, 3, 'Cung cấp dinh dưỡng, canxi', 'cho-meo-cung-cap-dinh-duong-canxi', 'product', NULL, 1, 1, '2025-11-12 14:29:00', '2025-11-12 14:29:00'),
(21, 3, 'Dầu tắm chó mèo', 'cho-meo-dau-tam', 'product', NULL, 1, 2, '2025-11-12 14:29:00', '2025-11-12 14:29:00'),
(22, 3, 'Kháng sinh phòng trị bệnh', 'cho-meo-khang-sinh-phong-tri-benh', 'product', NULL, 1, 3, '2025-11-12 14:29:00', '2025-11-12 14:29:00'),
(23, 3, 'Kháng viêm, giảm đau, hạ sốt', 'cho-meo-khang-viem-giam-dau-ha-sot', 'product', NULL, 1, 4, '2025-11-12 14:29:00', '2025-11-12 14:29:00'),
(24, 3, 'Kích thích tố sinh dục', 'cho-meo-kich-thich-to-sinh-duc', 'product', NULL, 1, 5, '2025-11-12 14:29:00', '2025-11-12 14:29:00'),
(25, 3, 'Men tiêu hóa', 'cho-meo-men-tieu-hoa', 'product', NULL, 1, 6, '2025-11-12 14:29:00', '2025-11-12 14:29:00'),
(26, 3, 'Phòng trị ký sinh trùng', 'cho-meo-phong-tri-ky-sinh-trung', 'product', NULL, 1, 7, '2025-11-12 14:29:00', '2025-11-12 14:29:00'),
(27, 3, 'Thuốc khác', 'cho-meo-thuoc-khac', 'product', NULL, 1, 8, '2025-11-12 14:29:00', '2025-11-12 14:29:00'),
(28, 3, 'Thuốc khử trùng', 'cho-meo-thuoc-khu-trung', 'product', NULL, 1, 9, '2025-11-12 14:29:00', '2025-11-12 14:29:00'),
(29, 4, 'Cung cấp dinh dưỡng, canxi', 'gia-cam-cung-cap-dinh-duong-canxi', 'product', NULL, 1, 1, '2025-11-12 14:29:00', '2025-11-12 14:29:00'),
(30, 4, 'Kháng sinh phòng trị bệnh', 'gia-cam-khang-sinh-phong-tri-benh', 'product', NULL, 1, 2, '2025-11-12 14:29:00', '2025-11-12 14:29:00'),
(31, 4, 'Kháng viêm, giảm đau, hạ sốt', 'gia-cam-khang-viem-giam-dau-ha-sot', 'product', NULL, 1, 3, '2025-11-12 14:29:00', '2025-11-12 14:29:00'),
(32, 4, 'Men tiêu hóa', 'gia-cam-men-tieu-hoa', 'product', NULL, 1, 4, '2025-11-12 14:29:00', '2025-11-12 14:29:00'),
(33, 4, 'Phòng trị ký sinh trùng', 'gia-cam-phong-tri-ky-sinh-trung', 'product', NULL, 1, 5, '2025-11-12 14:29:00', '2025-11-12 14:29:00'),
(34, 4, 'Thuốc khác', 'gia-cam-thuoc-khac', 'product', NULL, 1, 6, '2025-11-12 14:29:00', '2025-11-12 14:29:00'),
(35, 4, 'Thuốc khử trùng', 'gia-cam-thuoc-khu-trung', 'product', NULL, 1, 7, '2025-11-12 14:29:00', '2025-11-12 14:29:00'),
(36, 5, 'Cung cấp dinh dưỡng, canxi', 'heo-cung-cap-dinh-duong-canxi', 'product', NULL, 1, 1, '2025-11-12 14:29:00', '2025-11-12 14:29:00'),
(37, 5, 'Kháng sinh phòng trị bệnh', 'heo-khang-sinh-phong-tri-benh', 'product', NULL, 1, 2, '2025-11-12 14:29:00', '2025-11-12 14:29:00'),
(38, 5, 'Kháng viêm, giảm đau, hạ sốt', 'heo-khang-viem-giam-dau-ha-sot', 'product', NULL, 1, 3, '2025-11-12 14:29:00', '2025-11-12 14:29:00'),
(39, 5, 'Kích thích tố sinh dục', 'heo-kich-thich-to-sinh-duc', 'product', NULL, 1, 4, '2025-11-12 14:29:00', '2025-11-12 14:29:00'),
(40, 5, 'Men tiêu hóa', 'heo-men-tieu-hoa', 'product', NULL, 1, 5, '2025-11-12 14:29:00', '2025-11-12 14:29:00'),
(41, 5, 'Phòng trị ký sinh trùng', 'heo-phong-tri-ky-sinh-trung', 'product', NULL, 1, 6, '2025-11-12 14:29:00', '2025-11-12 14:29:00'),
(42, 5, 'Thuốc khác', 'heo-thuoc-khac', 'product', NULL, 1, 7, '2025-11-12 14:29:00', '2025-11-12 14:29:00'),
(43, 5, 'Thuốc khử trùng', 'heo-thuoc-khu-trung', 'product', NULL, 1, 8, '2025-11-12 14:29:00', '2025-11-12 14:29:00'),
(44, 6, 'Khoáng chất thiết yếu cho tôm', 'tom-khoang-chat-thiet-yeu', 'product', NULL, 1, 1, '2025-11-12 14:29:00', '2025-11-12 14:29:00'),
(45, 6, 'Nhóm chế phầm sinh học, vi sinh xử lý ao nuôi', 'tom-che-pham-sinh-hoc-vi-sinh-xu-ly-ao', 'product', NULL, 1, 2, '2025-11-12 14:29:00', '2025-11-12 14:29:00'),
(46, 6, 'Nhóm dinh dưỡng và vitamin', 'tom-dinh-duong-va-vitamin', 'product', NULL, 1, 3, '2025-11-12 14:29:00', '2025-11-12 14:29:00'),
(47, 6, 'Nhóm khử trùng nước', 'tom-khu-trung-nuoc', 'product', NULL, 1, 4, '2025-11-12 14:29:00', '2025-11-12 14:29:00'),
(48, 6, 'Nhóm thuốc phòng, trị bệnh', 'tom-thuoc-phong-tri-benh', 'product', NULL, 1, 5, '2025-11-12 14:29:00', '2025-11-12 14:29:00'),
(49, 6, 'Nhóm vi sinh có lợi cho acid hữu cơ', 'tom-vi-sinh-co-loi-cho-acid-huu-co', 'product', NULL, 1, 6, '2025-11-12 14:29:00', '2025-11-12 14:29:00'),
(50, NULL, 'Hoạt động - Sự kiện', 'hoat-dong-su-kien', 'post', NULL, 1, 1, '2025-11-12 14:29:00', '2025-11-12 14:29:00'),
(51, NULL, 'Hội thảo - họp mặt', 'hoi-thao-hop-mat', 'post', NULL, 1, 2, '2025-11-12 14:29:00', '2025-11-12 14:29:00'),
(52, NULL, 'Tham quan công ty', 'tham-quan-cong-ty', 'post', NULL, 1, 3, '2025-11-12 14:29:00', '2025-11-12 14:29:00'),
(53, NULL, 'Tuyển dụng', 'tuyen-dung', 'post', NULL, 1, 4, '2025-11-12 14:29:00', '2025-11-12 14:29:00');

-- --------------------------------------------------------

--
-- Table structure for table `contact_messages`
--

CREATE TABLE `contact_messages` (
  `id` int(11) NOT NULL,
  `name` varchar(255) NOT NULL,
  `email` varchar(255) NOT NULL,
  `phone` varchar(50) NOT NULL,
  `subject` varchar(500) DEFAULT NULL,
  `message` text NOT NULL,
  `is_read` tinyint(1) DEFAULT 0,
  `created_at` timestamp NOT NULL DEFAULT current_timestamp()
) ENGINE=InnoDB DEFAULT CHARSET=utf8mb4 COLLATE=utf8mb4_unicode_ci;

-- --------------------------------------------------------

--
-- Table structure for table `posts`
--

CREATE TABLE `posts` (
  `id` int(11) NOT NULL,
  `category_id` int(11) DEFAULT NULL,
  `title` varchar(255) NOT NULL,
  `slug` varchar(255) NOT NULL,
  `excerpt` text DEFAULT NULL,
  `content` mediumtext DEFAULT NULL,
  `featured_image` varchar(255) DEFAULT NULL,
  `is_active` tinyint(1) DEFAULT 1,
  `created_at` timestamp NOT NULL DEFAULT current_timestamp(),
  `updated_at` timestamp NULL DEFAULT NULL ON UPDATE current_timestamp()
) ENGINE=InnoDB DEFAULT CHARSET=utf8mb4 COLLATE=utf8mb4_general_ci;

--
-- Dumping data for table `posts`
--

INSERT INTO `posts` (`id`, `category_id`, `title`, `slug`, `excerpt`, `content`, `featured_image`, `is_active`, `created_at`, `updated_at`) VALUES
(1, 50, 'WIN PHARMA TẠI VIV ASIA 2025 – MANG SẢN PHẨM VIỆT VƯƠN TẦM THẾ GIỚI', 'win-pharma-tai-viv-asia-2025-mang-san-pham-viet-vuon-tam-the-gioi', 'Từ ngày 12 đến 14 tháng 3 năm 2025, tại Bangkok – Thái Lan, WinPharma vinh dự trở thành một trong những đại diện của Việt Nam tham dự VIV Asia 2025. Đây là nơi quy tụ hàng nghìn Công ty, Doanh nghiệp dẫn đầu từ lĩnh vực sản xuất, chăn nuôi gia súc gia cầm, chế biến thịt, trứng, các sản phẩm từ sữa, thủy sản đến tư vấn dịch vụ, giải pháp, thiết bị hỗ trợ sức khỏe vật nuôi.', '<h3><strong>WinPharma tại VIV Asia 2025 &ndash; Sự kiện lớn nhất ng&agrave;nh chăn nu&ocirc;i</strong></h3>\r\n\r\n<p>Từ ng&agrave;y 12 đến 14 th&aacute;ng 3 năm 2025, tại Bangkok &ndash; Th&aacute;i Lan, WinPharma vinh dự trở th&agrave;nh một trong những đại diện của Việt Nam tham dự VIV Asia 2025. Đ&acirc;y l&agrave; nơi quy tụ h&agrave;ng ngh&igrave;n C&ocirc;ng ty, Doanh nghiệp dẫn đầu từ lĩnh vực sản xuất, chăn nu&ocirc;i gia s&uacute;c gia cầm, chế biến thịt, trứng, c&aacute;c sản phẩm từ sữa, thủy sản đến tư vấn dịch vụ, giải ph&aacute;p, thiết bị hỗ trợ sức khỏe vật nu&ocirc;i.</p>\r\n\r\n<p>Kh&ocirc;ng chỉ vậy, Kh&aacute;ch tham quan triển l&atilde;m c&ograve;n c&oacute; cơ hội tham dự v&ocirc; số c&aacute;c Buổi hội thảo, chương tr&igrave;nh xoay quanh Sức khỏe động vật do c&aacute;c Doanh nghiệp lớn tổ chức.&nbsp;</p>\r\n\r\n<p><img alt=\"\" src=\"https://winpharma.com.vn/wp-content/uploads/2025/03/IMG_1164-533x400.jpg\" style=\"height:435px; width:580px\" /></p>\r\n\r\n<p>&nbsp; &nbsp; &nbsp; &nbsp; &nbsp; &nbsp; &nbsp; &nbsp; &nbsp; &nbsp; &nbsp; &nbsp; &nbsp; &nbsp; &nbsp; &nbsp; &nbsp;&nbsp;<em><strong>Gian h&agrave;ng WinPharma</strong></em></p>\r\n\r\n<p>&nbsp;</p>\r\n\r\n<p><img alt=\"\" src=\"https://winpharma.com.vn/wp-content/uploads/2025/03/IMG_1184-1067x800.jpg\" style=\"height:405px; width:540px\" /></p>\r\n\r\n<p>&nbsp;</p>\r\n\r\n<h3><strong>Mở rộng mạng lưới v&agrave; đưa sản phẩm Việt Nam vươn ra Thế giới</strong></h3>\r\n\r\n<p>Việc g&oacute;p mặt tại triển l&atilde;m lần n&agrave;y l&agrave; một dấu mốc quan trọng trong h&agrave;nh tr&igrave;nh ph&aacute;t triển của WinPharma, đồng thời cũng l&agrave; niềm tự h&agrave;o lớn lao khi được mang những sản phẩm thuốc th&uacute; y chất lượng cao &ndash; đạt chuẩn GMP do những B&aacute;c sĩ th&uacute; y, tiến sỹ đầu ng&agrave;nh của Tập đo&agrave;n nghi&ecirc;n cứu v&agrave; sản xuất để giới thiệu tới cộng đồng quốc tế.</p>\r\n\r\n<p>Ngay từ những ng&agrave;y đầu diễn ra triển l&atilde;m, gian h&agrave;ng của WinPharma đ&atilde; thu h&uacute;t sự quan t&acirc;m đặc biệt từ đ&ocirc;ng đảo kh&aacute;ch tham quan v&agrave; đối t&aacute;c đến từ nhiều quốc gia như Th&aacute;i Lan, Indonesia, Ấn Độ, Bangladesh, Pakistan&hellip; Kh&ocirc;ng chỉ g&acirc;y ấn tượng bởi danh mục sản phẩm đa dạng cho cả gia s&uacute;c, gia cầm v&agrave; thủy sản, WinPharma c&ograve;n tạo được sự tin tưởng nhờ v&agrave;o chất lượng sản phẩm, gi&aacute; trị thực tiễn v&agrave; tinh thần cầu thị, chuy&ecirc;n nghiệp của đội ngũ nh&acirc;n sự.</p>\r\n\r\n<p>Nhiều doanh nghiệp đ&atilde; đề xuất đưa sản phẩm của Tập đo&agrave;n WinPharma v&agrave;o danh mục ph&acirc;n phối tại địa phương v&agrave; mong muốn c&oacute; những trao đổi s&acirc;u sắc hơn. Điều n&agrave;y mở ra nhiều cơ hội hợp t&aacute;c đầy hứa hẹn cho Tập đo&agrave;n WinPharma trong tương lai.&nbsp;</p>\r\n\r\n<p><img alt=\"\" src=\"https://winpharma.com.vn/wp-content/uploads/2025/03/IMG_1237-533x400.jpg\" style=\"height:400px; width:533px\" /></p>\r\n\r\n<p>&nbsp;</p>\r\n\r\n<p><img alt=\"\" src=\"https://winpharma.com.vn/wp-content/uploads/2025/03/IMG_1318-533x400.jpg\" style=\"height:400px; width:533px\" /></p>\r\n\r\n<p>&nbsp;</p>\r\n\r\n<p><img alt=\"\" src=\"https://winpharma.com.vn/wp-content/uploads/2025/03/IMG_1339-600x800.jpg\" style=\"height:702px; width:526px\" /></p>\r\n\r\n<p>&nbsp;</p>\r\n\r\n<p><img alt=\"\" src=\"https://winpharma.com.vn/wp-content/uploads/2025/03/IMG_1468-533x400.jpg\" style=\"height:400px; width:533px\" /></p>\r\n\r\n<p>&nbsp;</p>\r\n\r\n<p><img alt=\"\" src=\"https://winpharma.com.vn/wp-content/uploads/2025/03/IMG_1475-600x800.jpg\" style=\"height:664px; width:498px\" /></p>\r\n\r\n<p>&nbsp;</p>\r\n\r\n<p><img alt=\"\" src=\"https://winpharma.com.vn/wp-content/uploads/2025/03/IMG_1503-1067x800.jpg\" style=\"height:517px; width:690px\" /></p>\r\n\r\n<p>Qua những buổi trao đổi, gặp gỡ tại sự kiện, ch&uacute;ng t&ocirc;i đ&atilde; kết nối được với h&agrave;ng trăm doanh nghiệp quốc tế &ndash; những đối t&aacute;c tiềm năng đang t&igrave;m kiếm giải ph&aacute;p th&uacute; y hiệu quả, an to&agrave;n v&agrave; cạnh tranh. Đ&acirc;y l&agrave; minh chứng r&otilde; n&eacute;t cho tiềm năng vươn xa của sản phẩm th&uacute; y Việt Nam, cũng như khẳng định chiến lược ph&aacute;t triển to&agrave;n cầu của WinPharma l&agrave; ho&agrave;n to&agrave;n đ&uacute;ng đắn v&agrave; đầy hứa hẹn.<br />\r\n<img alt=\"\" src=\"https://winpharma.com.vn/wp-content/uploads/2025/03/IMG_1304-1067x800.jpg\" style=\"height:765px; width:1020px\" /></p>\r\n\r\n<p>Tham dự VIV Asia 2025 kh&ocirc;ng chỉ l&agrave; cơ hội để quảng b&aacute; thương hiệu WinPharma tr&ecirc;n trường quốc tế, m&agrave; c&ograve;n l&agrave; lời cam kết mạnh mẽ của ch&uacute;ng t&ocirc;i trong việc kh&ocirc;ng ngừng đổi mới, n&acirc;ng cao chất lượng sản phẩm,&nbsp;đồng thời tiếp tục đầu tư v&agrave;o nghi&ecirc;n cứu, mang đến giải ph&aacute;p to&agrave;n diện, g&oacute;p phần n&acirc;ng cao hiệu quả sản xuất, bảo vệ sức khỏe vật nu&ocirc;i&nbsp;v&agrave; đ&oacute;ng g&oacute;p t&iacute;ch cực v&agrave;o sự ph&aacute;t triển bền vững của ng&agrave;nh chăn nu&ocirc;i to&agrave;n cầu.</p>\r\n\r\n<p>Ch&uacute;ng t&ocirc;i xin gửi lời cảm ơn s&acirc;u sắc tới tất cả Qu&yacute; kh&aacute;ch h&agrave;ng, Qu&yacute; đối t&aacute;c đ&atilde; gh&eacute; thăm v&agrave; d&agrave;nh sự quan t&acirc;m đặc biệt đến WinPharma trong suốt thời gian diễn ra triển l&atilde;m. Sự đồng h&agrave;nh v&agrave; tin tưởng của Qu&yacute; vị l&agrave; nguồn động lực to lớn để ch&uacute;ng t&ocirc;i tiếp tục sứ mệnh mang sản phẩm Việt vươn tầm thế giới.</p>\r\n', 'uploads/posts/post_6914b36cc9160.jpg', 1, '2025-11-12 16:18:52', '2025-11-12 16:18:52'),
(2, 50, 'Win Pharma Tại Vietstock 2024: Tiếp Cận Khách Hàng Và Thúc Đẩy Hợp Tác', 'win-pharma-tai-vietstock-2024-tiep-can-khach-hang-va-thuc-day-hop-tac', 'Triển lãm Vietstock 2024, sự kiện uy tín nhất trong ngành chăn nuôi, thú y và thủy sản, đã diễn ra thành công rực rỡ tại TP.HCM, quy tụ đông đảo các doanh nghiệp trong nước và các đối tác quốc tế. Win Pharma, với vai trò là một trong những doanh nghiệp hàng đầu sản xuất thuốc thú y và thủy sản, đã tham gia sự kiện với những thành tựu nổi bật và mở ra nhiều cơ hội phát triển.', '<p><strong>Triển l&atilde;m Vietstock 2024</strong>, sự kiện uy t&iacute;n nhất trong ng&agrave;nh chăn nu&ocirc;i, th&uacute; y v&agrave; thủy sản, đ&atilde; diễn ra th&agrave;nh c&ocirc;ng rực rỡ tại TP.HCM, quy tụ đ&ocirc;ng đảo c&aacute;c doanh nghiệp trong nước v&agrave; c&aacute;c đối t&aacute;c quốc tế.&nbsp;<a href=\"https://winpharma.com.vn/trang-chu/\"><strong>Win Pharma</strong></a>, với vai tr&ograve; l&agrave; một trong những doanh nghiệp h&agrave;ng đầu sản xuất thuốc th&uacute; y v&agrave; thủy sản, đ&atilde; tham gia sự kiện với những th&agrave;nh tựu nổi bật v&agrave; mở ra nhiều cơ hội ph&aacute;t triển.</p>\r\n\r\n<p>&nbsp;</p>\r\n\r\n<p>Mục lục</p>\r\n\r\n<ul>\r\n	<li><a href=\"https://winpharma.com.vn/win-pharma-tai-vietstock-2024/#Tiep-don-hang-tram-khach-hang-trong-va-ngoai-nuoc\">Tiếp đ&oacute;n h&agrave;ng trăm kh&aacute;ch h&agrave;ng trong v&agrave; ngo&agrave;i nước</a></li>\r\n	<li><a href=\"https://winpharma.com.vn/win-pharma-tai-vietstock-2024/#Gioi-thieu-bo-san-pham-phage-%E2%80%93-Giai-phap-thay-the-khang-sinh-an-toan-va-hieu-qua\">Giới thiệu bộ sản phẩm phage &ndash; Giải ph&aacute;p thay thế kh&aacute;ng sinh an to&agrave;n v&agrave; hiệu quả</a></li>\r\n	<li><a href=\"https://winpharma.com.vn/win-pharma-tai-vietstock-2024/#Phan-hoi-tich-cuc-tu-khach-hang-va-doi-tac\">Phản hồi t&iacute;ch cực từ kh&aacute;ch h&agrave;ng v&agrave; đối t&aacute;c</a></li>\r\n	<li><a href=\"https://winpharma.com.vn/win-pharma-tai-vietstock-2024/#Loi-cam-on-chan-thanh-den-quy-khach-hang\">Lời cảm ơn ch&acirc;n th&agrave;nh đến qu&yacute; kh&aacute;ch h&agrave;ng</a></li>\r\n	<li><a href=\"https://winpharma.com.vn/win-pharma-tai-vietstock-2024/#Tiep-tuc-tim-kiem-dai-ly-phan-phoi-va-doi-tac-gia-cong\">Tiếp tục t&igrave;m kiếm đại l&yacute; ph&acirc;n phối v&agrave; đối t&aacute;c gia c&ocirc;ng</a></li>\r\n</ul>\r\n\r\n<h2><strong>Tiếp đ&oacute;n h&agrave;ng trăm kh&aacute;ch h&agrave;ng trong v&agrave; ngo&agrave;i nước</strong></h2>\r\n\r\n<p>Trong suốt ba ng&agrave;y triển l&atilde;m, gian h&agrave;ng của Win Pharma đ&atilde; đ&oacute;n tiếp h&agrave;ng trăm đo&agrave;n kh&aacute;ch đến từ khắp nơi tr&ecirc;n thế giới, bao gồm cả kh&aacute;ch h&agrave;ng tiềm năng v&agrave; đối t&aacute;c kinh doanh trong ng&agrave;nh. Tại đ&acirc;y, đội ngũ nh&acirc;n vi&ecirc;n của ch&uacute;ng t&ocirc;i đ&atilde; tận t&acirc;m tư vấn, giải đ&aacute;p thắc mắc v&agrave; giới thiệu chi tiết về c&aacute;c sản phẩm v&agrave; giải ph&aacute;p m&agrave; Win Pharma cung cấp. Sự nhiệt t&igrave;nh v&agrave; chuy&ecirc;n nghiệp của đội ngũ đ&atilde; để lại ấn tượng mạnh mẽ cho kh&aacute;ch tham quan, thể hiện r&otilde; n&eacute;t tinh thần phục vụ tận t&acirc;m của c&ocirc;ng ty.</p>\r\n\r\n<p><img alt=\"\" src=\"https://winpharma.com.vn/wp-content/uploads/2024/10/DSC01288-1-1200x800.jpg\" style=\"height:680px; width:1020px\" /></p>\r\n\r\n<p>Kh&aacute;ch h&agrave;ng c&oacute; cơ hội nghe những tư vấn trực tiếp về c&aacute;c sản phẩm th&uacute; y v&agrave; thủy sản, từ những d&ograve;ng sản phẩm phổ biến đến những sản phẩm mới nhất, từ d&ograve;ng thuốc kh&aacute;ng sinh, chế phẩm sinh học, sản phẩm xử l&yacute; m&ocirc;i trường, s&aacute;t tr&ugrave;ng đến d&ograve;ng thức ăn bổ sung trong thức ăn chăn nu&ocirc;i (dinh dưỡng trong chăn nu&ocirc;i), đ&aacute;p ứng nhu cầu ng&agrave;y c&agrave;ng cao của thị trường. C&ocirc;ng nghệ thay thế kh&aacute;ng sinh, gi&uacute;p vật nu&ocirc;i khỏe mạnh m&agrave; kh&ocirc;ng g&acirc;y nguy cơ kh&aacute;ng thuốc, đ&atilde; trở th&agrave;nh điểm nhấn trong c&aacute;c buổi tư vấn của ch&uacute;ng t&ocirc;i.</p>\r\n\r\n<h2><strong>Giới thiệu bộ sản phẩm phage &ndash; Giải ph&aacute;p thay thế kh&aacute;ng sinh an to&agrave;n v&agrave; hiệu quả</strong></h2>\r\n\r\n<p>Một trong những sự kiện được mong chờ nhất tại gian h&agrave;ng của Win Pharma l&agrave; mang đến bộ sản phẩm ứng dụng c&ocirc;ng nghệ bacteriophage (phage), giải ph&aacute;p ti&ecirc;n tiến gi&uacute;p thay thế kh&aacute;ng sinh trong việc điều trị bệnh cho vật nu&ocirc;i. C&ocirc;ng nghệ phage gi&uacute;p ti&ecirc;u diệt vi khuẩn g&acirc;y hại m&agrave; kh&ocirc;ng ảnh hưởng đến hệ vi sinh vật c&oacute; lợi, từ đ&oacute; tăng cường sức đề kh&aacute;ng cho vật nu&ocirc;i v&agrave; bảo vệ m&ocirc;i trường.</p>\r\n\r\n<p>Kh&aacute;ch tham quan đ&atilde; b&agrave;y tỏ sự quan t&acirc;m s&acirc;u sắc v&agrave; đ&aacute;nh gi&aacute; cao t&iacute;nh đột ph&aacute; của sản phẩm n&agrave;y, đặc biệt l&agrave; trong bối cảnh xu hướng hạn chế sử dụng kh&aacute;ng sinh trong chăn nu&ocirc;i đang ng&agrave;y c&agrave;ng được quan t&acirc;m tr&ecirc;n to&agrave;n cầu. Với bộ sản phẩm mới n&agrave;y, Win Pharma kh&ocirc;ng chỉ khẳng định vị thế của m&igrave;nh m&agrave; c&ograve;n ti&ecirc;n phong trong việc ph&aacute;t triển những giải ph&aacute;p an to&agrave;n, bền vững cho ng&agrave;nh chăn nu&ocirc;i v&agrave; thủy sản. Đặc biệt, sản phẩm n&agrave;y c&agrave;ng được thu h&uacute;t khi xuất hiện trong b&agrave;i thuyết tr&igrave;nh trong hội thảo chuy&ecirc;n ng&agrave;nh tại Vietstock 2024. Trong b&agrave;i thuyết tr&igrave;nh, ch&uacute;ng t&ocirc;i đ&atilde; chia sẻ về giải ph&aacute;p thay thế kh&aacute;ng sinh v&agrave; giới thiệu chi tiết c&aacute;c sản phẩm ứng dụng c&ocirc;ng nghệ phage. B&agrave;i thuyết tr&igrave;nh đ&atilde; nhận được sự quan t&acirc;m đặc biệt từ c&aacute;c chuy&ecirc;n gia, nh&agrave; khoa học v&agrave; đối t&aacute;c trong ng&agrave;nh, mở ra những cơ hội hợp t&aacute;c v&agrave; ph&aacute;t triển c&ocirc;ng nghệ trong tương lai.</p>\r\n\r\n<p><img alt=\"\" src=\"https://winpharma.com.vn/wp-content/uploads/2024/10/Screenshot_1-1.png\" style=\"height:792px; width:1188px\" /></p>\r\n\r\n<h2><strong>Phản hồi t&iacute;ch cực từ kh&aacute;ch h&agrave;ng v&agrave; đối t&aacute;c</strong></h2>\r\n\r\n<p>Những phản hồi t&iacute;ch cực từ kh&aacute;ch h&agrave;ng v&agrave; đối t&aacute;c tại triển l&atilde;m đ&atilde; khẳng định niềm tin của ch&uacute;ng t&ocirc;i v&agrave;o chất lượng sản phẩm v&agrave; giải ph&aacute;p m&agrave; Win Pharma cung cấp. Kh&ocirc;ng chỉ đơn thuần l&agrave; sản phẩm, ch&uacute;ng t&ocirc;i c&ograve;n cung cấp những giải ph&aacute;p to&agrave;n diện gi&uacute;p n&acirc;ng cao năng suất chăn nu&ocirc;i v&agrave; đảm bảo sức khỏe vật nu&ocirc;i. Sự h&agrave;i l&ograve;ng của kh&aacute;ch h&agrave;ng ch&iacute;nh l&agrave; minh chứng r&otilde; r&agrave;ng nhất cho những nỗ lực của ch&uacute;ng t&ocirc;i trong việc mang lại gi&aacute; trị đ&iacute;ch thực cho ng&agrave;nh.</p>\r\n\r\n<p><img alt=\"\" src=\"https://winpharma.com.vn/wp-content/uploads/2024/10/z5913630291130_3deae77a34958da03a63eb7a7afe0723-1200x800.jpg\" style=\"height:680px; width:1020px\" /></p>\r\n\r\n<h2><strong>Lời cảm ơn ch&acirc;n th&agrave;nh đến qu&yacute; kh&aacute;ch h&agrave;ng</strong></h2>\r\n\r\n<p>Win Pharma xin gửi lời cảm ơn ch&acirc;n th&agrave;nh đến tất cả qu&yacute; kh&aacute;ch h&agrave;ng, đối t&aacute;c trong v&agrave; ngo&agrave;i nước đ&atilde; d&agrave;nh thời gian gh&eacute; thăm gian h&agrave;ng, tham gia c&aacute;c hoạt động v&agrave; thảo luận về sản phẩm tại Vietstock 2024. Sự ủng hộ v&agrave; đồng h&agrave;nh của qu&yacute; kh&aacute;ch l&agrave; nguồn động lực to lớn để ch&uacute;ng t&ocirc;i tiếp tục cải tiến v&agrave; mang lại những sản phẩm tốt nhất cho ng&agrave;nh th&uacute; y v&agrave; thủy sản.</p>\r\n\r\n<p><img alt=\"\" src=\"https://winpharma.com.vn/wp-content/uploads/2024/10/z5913631163928_35b2bd32dc158519feff16d1962b25c4-1200x800.jpg\" style=\"height:680px; width:1020px\" /></p>\r\n\r\n<h2><strong>Tiếp tục t&igrave;m kiếm đại l&yacute; ph&acirc;n phối v&agrave; đối t&aacute;c gia c&ocirc;ng</strong></h2>\r\n\r\n<p>Với mong muốn mở rộng thị trường v&agrave; đưa c&aacute;c sản phẩm chất lượng của m&igrave;nh đến với nhiều đối t&aacute;c hơn nữa, Win Pharma hiện đang t&igrave;m kiếm đại l&yacute; ph&acirc;n phối v&agrave; đối t&aacute;c gia c&ocirc;ng (OEM) tr&ecirc;n to&agrave;n quốc cũng như quốc tế. Ch&uacute;ng t&ocirc;i cam kết cung cấp những sản phẩm đạt ti&ecirc;u chuẩn cao, an to&agrave;n v&agrave; hiệu quả, đồng thời hỗ trợ tối đa cho c&aacute;c đại l&yacute; v&agrave; đối t&aacute;c trong qu&aacute; tr&igrave;nh ph&acirc;n phối v&agrave; hợp t&aacute;c.</p>\r\n\r\n<p>Nếu bạn đang t&igrave;m kiếm một đối t&aacute;c uy t&iacute;n trong ng&agrave;nh th&uacute; y v&agrave; thủy sản, h&atilde;y li&ecirc;n hệ ngay với ch&uacute;ng t&ocirc;i để c&ugrave;ng x&acirc;y dựng những gi&aacute; trị bền vững v&agrave; ph&aacute;t triển l&acirc;u d&agrave;i!</p>\r\n', 'uploads/posts/post_6914b3fc304f0.jpg', 1, '2025-11-12 16:21:16', '2025-11-12 16:21:16'),
(3, 50, 'Gian hàng của Win Pharma tại triển lãm Vietstock 2024 sẽ như thế nào?', 'gian-hang-cua-win-pharma-tai-trien-lam-vietstock-2024-se-nhu-the-nao', 'Chúng tôi rất vui mừng được tham gia triển lãm Vietstock 2024, diễn ra tại TP. Hồ Chí Minh. Ngày hôm nay, chúng tôi xin trân trọng giới thiệu gian hàng của Win Pharma với sự kết hợp hoàn hảo giữa màu xanh lá cây và màu trắng, hai màu sắc chủ đạo của thương hiệu chúng tôi. Gian hàng sẽ mang đến cho Quý khách hàng sự sang trọng, thanh lịch và hiện đại, tạo nên không gian chuyên nghiệp và đẳng cấp, xứng tầm với sự phát triển không ngừng của ngành thuốc thú y.', '<p>Ch&uacute;ng t&ocirc;i rất vui mừng được tham gia triển l&atilde;m&nbsp;<strong>Vietstock 2024</strong>, diễn ra tại TP. Hồ Ch&iacute; Minh. Ng&agrave;y h&ocirc;m nay, ch&uacute;ng t&ocirc;i xin tr&acirc;n trọng giới thiệu gian h&agrave;ng của&nbsp;<a href=\"https://winpharma.com.vn/gioi-thieu-win-pharma/\"><strong>Win Pharma</strong></a>&nbsp;với sự kết hợp ho&agrave;n hảo giữa&nbsp;<strong>m&agrave;u xanh l&aacute; c&acirc;y</strong>&nbsp;v&agrave;&nbsp;<strong>m&agrave;u trắng</strong>, hai m&agrave;u sắc chủ đạo của thương hiệu ch&uacute;ng t&ocirc;i. Gian h&agrave;ng sẽ mang đến cho Qu&yacute; kh&aacute;ch h&agrave;ng sự&nbsp;<strong>sang trọng</strong>,&nbsp;<strong>thanh lịch</strong>&nbsp;v&agrave;&nbsp;<strong>hiện đại</strong>, tạo n&ecirc;n kh&ocirc;ng gian chuy&ecirc;n nghiệp v&agrave; đẳng cấp, xứng tầm với sự ph&aacute;t triển kh&ocirc;ng ngừng của ng&agrave;nh thuốc th&uacute; y.</p>\r\n\r\n<p><img alt=\"gian hàng của win pharma\" src=\"https://winpharma.com.vn/wp-content/uploads/2024/09/Grey-Black-Minimalist-Aesthetic-Moodboard-Photo-Collage-Facebook-Post.png\" style=\"height:701px; width:836px\" /></p>\r\n\r\n<p>Mục lục</p>\r\n\r\n<ul>\r\n	<li><a href=\"https://winpharma.com.vn/gian-hang-cua-win-pharma/#Thiet-ke-chu-dao-%E2%80%93-Mau-sac-va-khong-gian\">Thiết kế chủ đạo &ndash; M&agrave;u sắc v&agrave; kh&ocirc;ng gian</a></li>\r\n	<li><a href=\"https://winpharma.com.vn/gian-hang-cua-win-pharma/#Khong-gian-tuong-tac-va-ket-noi\">Kh&ocirc;ng gian tương t&aacute;c v&agrave; kết nối</a></li>\r\n	<li><a href=\"https://winpharma.com.vn/gian-hang-cua-win-pharma/#Tai-sao-nen-ghe-tham-gian-hang-cua-Win-Pharma\">Tại sao n&ecirc;n gh&eacute; thăm gian h&agrave;ng của Win Pharma?</a></li>\r\n</ul>\r\n\r\n<p>Gian h&agrave;ng của Win Pharma tại triển l&atilde;m Vietstock 2024 sẽ l&agrave; sự kết hợp ho&agrave;n hảo giữa&nbsp;<strong>thiết kế tinh tế</strong>&nbsp;v&agrave;&nbsp;<strong>c&ocirc;ng nghệ ti&ecirc;n tiến</strong>, mang đến một kh&ocirc;ng gian ấn tượng ngay từ c&aacute;i nh&igrave;n đầu ti&ecirc;n. Với diện t&iacute;ch rộng r&atilde;i, gian h&agrave;ng được thiết kế theo phong c&aacute;ch&nbsp;<strong>hiện đại</strong>&nbsp;v&agrave;&nbsp;<strong>sang trọng</strong>, thể hiện r&otilde; triết l&yacute; của Win Pharma trong việc n&acirc;ng cao gi&aacute; trị v&agrave; chất lượng sản phẩm dược phẩm.</p>\r\n\r\n<h3><strong>Thiết kế chủ đạo &ndash; M&agrave;u sắc v&agrave; kh&ocirc;ng gian</strong></h3>\r\n\r\n<ul>\r\n	<li><strong>M&agrave;u xanh l&aacute; c&acirc;y v&agrave; m&agrave;u trắng</strong>&nbsp;l&agrave; hai t&ocirc;ng m&agrave;u chủ đạo của gian h&agrave;ng, tương đồng với logo Win Pharma, thể hiện sự&nbsp;<strong>tươi mới</strong>&nbsp;v&agrave;&nbsp;<strong>tr&aacute;ch nhiệm với sức khỏe cộng đồng</strong>. M&agrave;u xanh l&aacute; c&acirc;y mang đến cảm gi&aacute;c&nbsp;<strong>gần gũi với thi&ecirc;n nhi&ecirc;n</strong>, trong khi m&agrave;u trắng tượng trưng cho&nbsp;<strong>sự tinh khiết</strong>&nbsp;v&agrave;&nbsp;<strong>an to&agrave;n</strong>&nbsp;của sản phẩm dược phẩm.</li>\r\n	<li><strong>Kh&ocirc;ng gian mở</strong>, với sự bố tr&iacute; c&aacute;c khu vực trải nghiệm một c&aacute;ch khoa học v&agrave; thoải m&aacute;i, sẽ gi&uacute;p kh&aacute;ch tham quan dễ d&agrave;ng kh&aacute;m ph&aacute; từng sản phẩm v&agrave; c&ocirc;ng nghệ m&agrave; Win Pharma mang đến. C&aacute;c quầy trưng b&agrave;y được thiết kế tối giản nhưng kh&ocirc;ng k&eacute;m phần tinh tế, tạo cảm gi&aacute;c th&acirc;n thiện v&agrave; thu h&uacute;t.</li>\r\n	<li><strong>Khu vực trải nghiệm sản phẩm</strong>&nbsp;được trang bị c&ocirc;ng nghệ m&agrave;n h&igrave;nh tương t&aacute;c hiện đại, gi&uacute;p kh&aacute;ch h&agrave;ng c&oacute; thể trực tiếp kh&aacute;m ph&aacute; v&agrave; t&igrave;m hiểu c&aacute;c sản phẩm nổi bật của Win Pharma.</li>\r\n	<li><strong>G&oacute;c tư vấn chuy&ecirc;n s&acirc;u</strong>&nbsp;được bố tr&iacute; với đội ngũ chuy&ecirc;n gia dược phẩm của ch&uacute;ng t&ocirc;i, lu&ocirc;n sẵn s&agrave;ng cung cấp th&ocirc;ng tin v&agrave; giải đ&aacute;p mọi thắc mắc của kh&aacute;ch h&agrave;ng.</li>\r\n</ul>\r\n\r\n<h3><strong>Kh&ocirc;ng gian tương t&aacute;c v&agrave; kết nối</strong></h3>\r\n\r\n<ul>\r\n	<li>Tại gian h&agrave;ng Win Pharma, ch&uacute;ng t&ocirc;i kh&ocirc;ng chỉ trưng b&agrave;y sản phẩm m&agrave; c&ograve;n tạo ra những kh&ocirc;ng gian để kh&aacute;ch h&agrave;ng v&agrave; đối t&aacute;c c&oacute; thể gặp gỡ, trao đổi v&agrave; thảo luận.&nbsp;<strong>Khu vực gặp gỡ đối t&aacute;c</strong>&nbsp;sẽ được thiết kế với những ghế ngồi thoải m&aacute;i, trang nh&atilde;, c&ugrave;ng kh&ocirc;ng gian y&ecirc;n tĩnh, ph&ugrave; hợp cho c&aacute;c cuộc tr&ograve; chuyện v&agrave; trao đổi &yacute; tưởng kinh doanh.</li>\r\n</ul>\r\n\r\n<h3><strong>Tại sao n&ecirc;n gh&eacute; thăm gian h&agrave;ng của Win Pharma?</strong></h3>\r\n\r\n<ul>\r\n	<li><strong>C&ocirc;ng nghệ ti&ecirc;n tiến</strong>: Tại triển l&atilde;m, ch&uacute;ng t&ocirc;i sẽ giới thiệu c&aacute;c sản phẩm v&agrave; giải ph&aacute;p dược phẩm chất lượng cao, đ&aacute;p ứng c&aacute;c ti&ecirc;u chuẩn quốc tế về sản xuất v&agrave; ph&acirc;n phối.</li>\r\n	<li><strong>Thiết kế tinh tế</strong>: Gian h&agrave;ng Win Pharma sẽ được b&agrave;y tr&iacute; với phong c&aacute;ch hiện đại, gi&uacute;p kh&aacute;ch h&agrave;ng c&oacute; những trải nghiệm tốt nhất khi đến tham quan.</li>\r\n	<li><strong>Cơ hội hợp t&aacute;c</strong>: Ch&uacute;ng t&ocirc;i lu&ocirc;n t&igrave;m kiếm cơ hội hợp t&aacute;c với c&aacute;c đối t&aacute;c v&agrave; kh&aacute;ch h&agrave;ng để c&ugrave;ng ph&aacute;t triển bền vững trong ng&agrave;nh dược phẩm.</li>\r\n</ul>\r\n\r\n<p>H&atilde;y đến với gian h&agrave;ng của ch&uacute;ng t&ocirc;i tại Vietstock 2024 để kh&aacute;m ph&aacute; những đột ph&aacute; mới nhất trong ng&agrave;nh dược phẩm v&agrave; trải nghiệm dịch vụ chuy&ecirc;n nghiệp từ Win Pharma. Địa điểm diễn ra tại&nbsp;<strong>SECC &ndash; Trung t&acirc;m Hội chợ v&agrave; Triển l&atilde;m S&agrave;i G&ograve;n</strong>, Quận 7, TP. Hồ Ch&iacute; Minh.</p>\r\n\r\n<ul>\r\n	<li><strong>Thời gian</strong>&nbsp; &nbsp;: 9-11/10/2024</li>\r\n	<li><strong>Gian h&agrave;ng&nbsp;&nbsp;</strong>: BE13-BF14</li>\r\n	<li><strong>Địa điểm&nbsp; &nbsp;&nbsp;</strong>: Trung t&acirc;m hội chợ v&agrave; triển l&atilde;m S&agrave;i G&ograve;n (SECC), số 799 Nguyễn Văn Linh, T&acirc;n Ph&uacute;, Quận 7, Tp. Hồ Ch&iacute; Minh</li>\r\n</ul>\r\n\r\n<p>Ch&uacute;ng t&ocirc;i rất mong được đ&oacute;n tiếp qu&yacute; kh&aacute;ch tại gian h&agrave;ng Win Pharma để c&ugrave;ng chia sẻ v&agrave; trao đổi những giải ph&aacute;p tốt nhất cho sức khỏe cộng đồng.</p>\r\n\r\n<p><strong>Hotline: 1900.8935</strong></p>\r\n', 'uploads/posts/post_6914b41d375a1.png', 1, '2025-11-12 16:21:49', '2025-11-12 16:21:49'),
(4, 50, 'Vietstock 2024: GIẢI PHÁP THAY THẾ KHÁNG SINH BACTERIOPHAGE – BƯỚC TIẾN MỚI CHO NGÀNH CHĂN NUÔI TẠI VIỆT NAM', 'vietstock-2024-giai-phap-thay-the-khang-sinh-bacteriophage-buoc-tien-moi-cho-nganh-chan-nuoi-tai-viet-nam', 'Trong bối cảnh kháng sinh dần mất hiệu quả do vi khuẩn kháng thuốc, bacteriophage nổi lên như một giải pháp thay thế tiềm năng cho ngành chăn nuôi. Bacteriophage không chỉ tiêu diệt vi khuẩn gây bệnh một cách đặc hiệu mà còn an toàn và không gây ra dư lượng kháng sinh trong sản phẩm động vật. Việc áp dụng bacteriophage có thể nâng cao hiệu quả điều trị, bảo vệ sức khỏe động vật và người tiêu dùng, đồng thời thúc đẩy sự phát triển bền vững trong ngành chăn nuôi.', '<h3><strong>Giới thiệu</strong></h3>\r\n\r\n<p>Trong bối cảnh kh&aacute;ng sinh dần mất hiệu quả do vi khuẩn kh&aacute;ng thuốc,<strong>&nbsp;bacteriophage</strong>&nbsp;nổi l&ecirc;n như một giải ph&aacute;p thay thế tiềm năng cho ng&agrave;nh chăn nu&ocirc;i. Bacteriophage kh&ocirc;ng chỉ ti&ecirc;u diệt vi khuẩn g&acirc;y bệnh một c&aacute;ch đặc hiệu m&agrave; c&ograve;n an to&agrave;n v&agrave; kh&ocirc;ng g&acirc;y ra dư lượng kh&aacute;ng sinh trong sản phẩm động vật. Việc &aacute;p dụng bacteriophage c&oacute; thể n&acirc;ng cao hiệu quả điều trị, bảo vệ sức khỏe động vật v&agrave; người ti&ecirc;u d&ugrave;ng, đồng thời th&uacute;c đẩy sự ph&aacute;t triển bền vững trong ng&agrave;nh chăn nu&ocirc;i.</p>\r\n\r\n<p>V&agrave;o ng&agrave;y 10/10/2024, tại sự kiện&nbsp;<strong>Vietstock 2024</strong>,&nbsp;<strong>Tiến sĩ Ho&agrave;ng Minh</strong>&nbsp;sẽ đại diện&nbsp;<a href=\"https://winpharma.com.vn/gioi-thieu/\"><strong>Win Pharma</strong></a>&nbsp;để tr&igrave;nh b&agrave;y về một giải ph&aacute;p mới với t&ecirc;n gọi &ldquo;<em><strong>Giải ph&aacute;p thay thế kh&aacute;ng sinh Bacteriophage &ndash; Bước tiến mới cho ng&agrave;nh chăn nu&ocirc;i tại Việt Nam</strong></em>.&rdquo; Đ&acirc;y l&agrave; một cơ hội quan trọng để ng&agrave;nh chăn nu&ocirc;i kh&aacute;m ph&aacute; những tiến bộ c&ocirc;ng nghệ c&oacute; thể mang lại hiệu quả bền vững v&agrave; an to&agrave;n.</p>\r\n\r\n<p>Mục lục</p>\r\n\r\n<ul>\r\n	<li><a href=\"https://winpharma.com.vn/giai-phap-thay-the-khang-sinh-bacteriophage/#Gioi-thieu\">Giới thiệu</a></li>\r\n	<li><a href=\"https://winpharma.com.vn/giai-phap-thay-the-khang-sinh-bacteriophage/#Van-De-Khang-Thuoc-Khang-Sinh-Trong-Nganh-Chan-Nuoi\">Vấn Đề Kh&aacute;ng Thuốc Kh&aacute;ng Sinh Trong Ng&agrave;nh Chăn Nu&ocirc;i</a></li>\r\n	<li><a href=\"https://winpharma.com.vn/giai-phap-thay-the-khang-sinh-bacteriophage/#Tai-Sao-Bacteriophage-La-Giai-Phap-Tiem-Nang\">Tại Sao Bacteriophage L&agrave; Giải Ph&aacute;p Tiềm Năng?</a></li>\r\n	<li><a href=\"https://winpharma.com.vn/giai-phap-thay-the-khang-sinh-bacteriophage/#Win-Pharma-%E2%80%93-Don-Vi-Tien-Phong-Trong-Cong-Nghe-Bacteriophage\">Win Pharma &ndash; Đơn Vị Ti&ecirc;n Phong Trong C&ocirc;ng Nghệ Bacteriophage</a></li>\r\n	<li><a href=\"https://winpharma.com.vn/giai-phap-thay-the-khang-sinh-bacteriophage/#Ket-Luan\">Kết Luận</a></li>\r\n</ul>\r\n\r\n<p><img alt=\"GIẢI PHÁP THAY THẾ KHÁNG SINH BACTERIOPHAGE \" src=\"https://winpharma.com.vn/wp-content/uploads/2024/09/Cam-va-Vang-Kinh-doanh-Hop-thoi-Gioi-thieu-nhan-vien-moi-Video-3-1400x788.png\" style=\"height:574px; width:1020px\" /></p>\r\n\r\n<h3><strong>Vấn Đề Kh&aacute;ng Thuốc Kh&aacute;ng Sinh Trong Ng&agrave;nh Chăn Nu&ocirc;i</strong></h3>\r\n\r\n<p>Kh&aacute;ng thuốc kh&aacute;ng sinh đang trở th&agrave;nh một vấn đề nghi&ecirc;m trọng trong ng&agrave;nh chăn nu&ocirc;i to&agrave;n cầu v&agrave; Việt Nam cũng kh&ocirc;ng phải l&agrave; ngoại lệ. Việc lạm dụng kh&aacute;ng sinh trong chăn nu&ocirc;i kh&ocirc;ng chỉ l&agrave;m giảm hiệu quả điều trị bệnh m&agrave; c&ograve;n tạo ra c&aacute;c chủng vi khuẩn kh&aacute;ng thuốc nguy hiểm. Điều n&agrave;y kh&ocirc;ng chỉ ảnh hưởng đến sức khỏe của gia s&uacute;c m&agrave; c&ograve;n đe dọa sức khỏe cộng đồng do kh&aacute;ng sinh c&oacute; thể truyền từ động vật sang người.</p>\r\n\r\n<p>Giải ph&aacute;p thay thế kh&aacute;ng sinh bằng Bacteriophage đang nổi l&ecirc;n như một phương &aacute;n tiềm năng để giải quyết vấn đề kh&aacute;ng thuốc. Bacteriophage, hay c&ograve;n gọi l&agrave; virus ăn vi khuẩn, l&agrave; c&aacute;c sinh vật đơn b&agrave;o c&oacute; khả năng ti&ecirc;u diệt c&aacute;c vi khuẩn g&acirc;y bệnh m&agrave; kh&ocirc;ng g&acirc;y hại cho động vật hay con người. Kh&aacute;c với kh&aacute;ng sinh, Bacteriophage c&oacute; t&iacute;nh chọn lọc cao v&agrave; c&oacute; thể ti&ecirc;u diệt những vi khuẩn cụ thể m&agrave; kh&ocirc;ng l&agrave;m ảnh hưởng đến hệ vi sinh vật b&igrave;nh thường trong cơ thể.</p>\r\n\r\n<p><img alt=\"GIẢI PHÁP THAY THẾ KHÁNG SINH BACTERIOPHAGE \" src=\"https://winpharma.com.vn/wp-content/uploads/2024/09/bacteriophages-infecting-a-bacterium.jpg\" style=\"height:483px; width:759px\" /></p>\r\n\r\n<h3><strong>Tại Sao Bacteriophage L&agrave; Giải Ph&aacute;p Tiềm Năng?</strong></h3>\r\n\r\n<ol>\r\n	<li><strong>T&iacute;nh Chọn Lọc Cao</strong>: Bacteriophage c&oacute; khả năng nhận diện v&agrave; ti&ecirc;u diệt c&aacute;c vi khuẩn g&acirc;y bệnh cụ thể m&agrave; kh&ocirc;ng l&agrave;m tổn thương c&aacute;c vi khuẩn c&oacute; lợi trong cơ thể. Điều n&agrave;y gi&uacute;p duy tr&igrave; sự c&acirc;n bằng hệ vi sinh vật, điều m&agrave; kh&aacute;ng sinh kh&ocirc;ng l&agrave;m được.</li>\r\n	<li><strong>Giảm Nguy Cơ Kh&aacute;ng Thuốc</strong>: Sử dụng Bacteriophage c&oacute; thể giảm thiểu t&igrave;nh trạng kh&aacute;ng thuốc v&igrave; ch&uacute;ng tấn c&ocirc;ng c&aacute;c vi khuẩn cụ thể m&agrave; kh&ocirc;ng g&acirc;y ra &aacute;p lực chọn lọc mạnh mẽ như kh&aacute;ng sinh. Điều n&agrave;y gi&uacute;p ngăn ngừa sự ph&aacute;t triển của c&aacute;c chủng vi khuẩn kh&aacute;ng thuốc.</li>\r\n	<li><strong>An To&agrave;n v&agrave; Tự Nhi&ecirc;n</strong>: Bacteriophage l&agrave; c&aacute;c vi sinh vật tự nhi&ecirc;n c&oacute; mặt trong m&ocirc;i trường xung quanh v&agrave; thường kh&ocirc;ng g&acirc;y hại cho động vật hoặc người. Sử dụng ch&uacute;ng l&agrave; một phương ph&aacute;p tự nhi&ecirc;n v&agrave; an to&agrave;n hơn so với việc sử dụng kh&aacute;ng sinh h&oacute;a học.</li>\r\n</ol>\r\n\r\n<h3><strong>Win Pharma &ndash; Đơn Vị Ti&ecirc;n Phong Trong C&ocirc;ng Nghệ Bacteriophage</strong></h3>\r\n\r\n<p>Tiến sĩ Ho&agrave;ng Minh c&ugrave;ng đội ngũ chuy&ecirc;n gia từ Win Pharma sẽ tr&igrave;nh b&agrave;y chi tiết về ứng dụng của&nbsp;<strong>Bacteriophage</strong>&nbsp;trong ng&agrave;nh chăn nu&ocirc;i tại triển l&atilde;m&nbsp;<strong>Vietstock 2024</strong>. Win Pharma l&agrave; đơn vị ti&ecirc;n phong trong nghi&ecirc;n cứu v&agrave; ph&aacute;t triển c&aacute;c giải ph&aacute;p thay thế kh&aacute;ng sinh, v&agrave; Bacteriophage l&agrave; một trong những c&ocirc;ng nghệ nổi bật m&agrave; ch&uacute;ng t&ocirc;i đang triển khai.</p>\r\n\r\n<p>Tại buổi hội thảo, Tiến sĩ Ho&agrave;ng Minh sẽ giới thiệu:</p>\r\n\r\n<ul>\r\n	<li><strong>Qu&aacute; tr&igrave;nh nghi&ecirc;n cứu v&agrave; ph&aacute;t triển Bacteriophage</strong>: Từ việc thu thập c&aacute;c chủng Bacteriophage cho đến việc ph&aacute;t triển c&aacute;c sản phẩm ứng dụng trong chăn nu&ocirc;i.</li>\r\n	<li><strong>C&aacute;c nghi&ecirc;n cứu điển h&igrave;nh v&agrave; kết quả thực tế</strong>: Những th&agrave;nh c&ocirc;ng bước đầu v&agrave; ứng dụng thực tiễn của Bacteriophage trong việc kiểm so&aacute;t bệnh tật ở gia s&uacute;c.</li>\r\n	<li><strong>Lợi &iacute;ch v&agrave; triển vọng của Bacteriophage</strong>: Đ&aacute;nh gi&aacute; tiềm năng của c&ocirc;ng nghệ n&agrave;y trong việc cải thiện sức khỏe gia s&uacute;c v&agrave; n&acirc;ng cao năng suất chăn nu&ocirc;i.</li>\r\n</ul>\r\n\r\n<p><img alt=\"\" src=\"https://winpharma.com.vn/wp-content/uploads/2024/09/giong-vat-nuoi.png\" style=\"height:367px; width:700px\" /></p>\r\n\r\n<p><strong>Thời gian v&agrave; địa điểm</strong></p>\r\n\r\n<ul>\r\n	<li><strong>Thời gian</strong>: 13h30-14h15 ng&agrave;y 10/10/2024</li>\r\n	<li><strong>Địa điểm</strong>: B10 &ndash; Sapa Room Hall B tại Trung t&acirc;m hội chợ v&agrave; triễn l&atilde;m S&agrave;i G&ograve;n (SECC), Quận 7, TP.HCM</li>\r\n</ul>\r\n\r\n<h3><strong>Kết Luận</strong></h3>\r\n\r\n<p>Việc &aacute;p dụng Bacteriophage trong ng&agrave;nh chăn nu&ocirc;i kh&ocirc;ng chỉ l&agrave; một giải ph&aacute;p thay thế kh&aacute;ng sinh m&agrave; c&ograve;n l&agrave; một bước tiến lớn trong việc duy tr&igrave; sự bền vững v&agrave; an to&agrave;n cho ng&agrave;nh chăn nu&ocirc;i tại Việt Nam. Sự hiện diện của&nbsp;<strong>Win Pharma</strong>&nbsp;v&agrave;&nbsp;<strong>Tiến sĩ Ho&agrave;ng Minh</strong>&nbsp;tại&nbsp;<strong>Vietstock 2024</strong>&nbsp;sẽ cung cấp những th&ocirc;ng tin quan trọng v&agrave; cập nhật về c&ocirc;ng nghệ n&agrave;y, mở ra cơ hội để ng&agrave;nh chăn nu&ocirc;i ứng dụng c&aacute;c giải ph&aacute;p ti&ecirc;n tiến v&agrave; hiệu quả hơn.</p>\r\n\r\n<p>H&atilde;y theo d&otilde;i v&agrave; tham gia c&ugrave;ng ch&uacute;ng t&ocirc;i tại Vietstock 2024 để kh&aacute;m ph&aacute; những bước tiến mới trong ng&agrave;nh chăn nu&ocirc;i v&agrave; cập nhật c&aacute;c giải ph&aacute;p c&ocirc;ng nghệ ti&ecirc;n tiến nhất.</p>\r\n\r\n<p><strong>Hotline: 1900.8935</strong></p>\r\n', 'uploads/posts/post_6914b4398a952.png', 1, '2025-11-12 16:22:17', '2025-11-12 16:22:17'),
(5, 50, 'THAM GIA VIETSTOCK 2024 – KHÁM PHÁ NHỮNG GIẢI PHÁP MỚI NHẤT TỪ WIN PHARMA!', 'tham-gia-vietstock-2024-kham-pha-nhung-giai-phap-moi-nhat-tu-win-pharma', 'Chúng tôi – Công ty Cổ phần Tập đoàn Win Pharma – rất vui mừng thông báo rằng Win Pharma sẽ tham gia VIETSTOCK 2024, một trong những sự kiện nổi bật nhất trong ngành thú y tại Việt Nam! Diễn ra từ ngày 9-11 tháng 10 năm 2024 tại Trung tâm Hội chợ và Triển lãm Sài Gòn (SECC), sự kiện này hứa hẹn mang đến nhiều cơ hội tuyệt vời để khám phá các giải pháp và sản phẩm mới trong ngành thú y.', '<p>Ch&uacute;ng t&ocirc;i &ndash;&nbsp;<a href=\"https://winpharma.com.vn/gioi-thieu/\"><strong>C&ocirc;ng ty Cổ phần Tập đo&agrave;n Win Pharma</strong></a>&nbsp;&ndash; rất vui mừng th&ocirc;ng b&aacute;o rằng Win Pharma sẽ tham gia&nbsp;<strong>VIETSTOCK 2024</strong>, một trong những sự kiện nổi bật nhất trong ng&agrave;nh th&uacute; y tại Việt Nam! Diễn ra từ ng&agrave;y&nbsp;<strong>9-11 th&aacute;ng 10 năm 2024</strong>&nbsp;tại&nbsp;<strong>Trung t&acirc;m Hội chợ v&agrave; Triển l&atilde;m S&agrave;i G&ograve;n (SECC)</strong>, sự kiện n&agrave;y hứa hẹn mang đến nhiều cơ hội tuyệt vời để kh&aacute;m ph&aacute; c&aacute;c giải ph&aacute;p v&agrave; sản phẩm mới trong ng&agrave;nh th&uacute; y.</p>\r\n\r\n<p><img alt=\"\" src=\"https://winpharma.com.vn/wp-content/uploads/2024/08/thiep-moi-winpharma-vietstock-1-1400x518.jpg\" style=\"height:431px; width:1166px\" /></p>\r\n\r\n<p><strong>VIETSTOCK 2024 l&agrave; Triển l&atilde;m quốc tế chuy&ecirc;n ng&agrave;nh chăn nu&ocirc;i, thức ăn chăn nu&ocirc;i, thuỷ sản &amp; chế biến thịt tại Việt Nam, thuộc chuỗi triển l&atilde;m chăn nu&ocirc;i tại khu vực Ch&acirc;u &Aacute;</strong>. Vietstock 2024 được kỳ vọng sẽ vượt trội hơn c&aacute;c phi&ecirc;n bản trước với diện t&iacute;ch triển l&atilde;m l&agrave;&nbsp;<strong>15.000m2</strong>, hơn&nbsp;<strong>400</strong>&nbsp;đơn vị trưng b&agrave;y c&ugrave;ng&nbsp;<strong>13.000</strong>&nbsp;kh&aacute;ch tham quan từ&nbsp;<strong>50</strong>&nbsp;quốc gia v&agrave; khu vực. Một triển l&atilde;m với quy m&ocirc; lớn hơn bao giờ hết sẽ đ&aacute;nh dấu bước tiến đầy đột ph&aacute; kỷ niệm 20 năm h&agrave;nh tr&igrave;nh đổi mới.</p>\r\n\r\n<p>Được tổ chức lần đầu ti&ecirc;n v&agrave;o năm 2024, triển l&atilde;m Vietstock lần thứ 12 &ndash; triển l&atilde;m Quốc tế Chuy&ecirc;n ng&agrave;nh Chăn nu&ocirc;i, Thức ăn chăn nu&ocirc;i &amp; Chế biến thịt sẽ được tổ chức từ ng&agrave;y&nbsp;<strong>09-11 th&aacute;ng 10 năm 2024 tại Trung t&acirc;m Hội chợ &amp; Triển l&atilde;m S&agrave;i G&ograve;n, TP. HCM</strong>. Diễn ra đồng thời với<strong>&nbsp;Triển l&atilde;m Thuỷ sản Aquaculture Vietnam 2024, Vietstock 2024</strong>&nbsp;l&agrave; sự kiện to&agrave;n diện v&agrave; độc đ&aacute;o, nơi hội tụ, gặp gỡ, chia sẻ kinh nghiệm của c&aacute;c chuy&ecirc;n gia Việt Nam v&agrave; khu vực, hoạt động trong chuỗi gi&aacute; trị chăn nu&ocirc;i &ndash; thuỷ sản &ndash;&nbsp; chế biến thịt, qua đ&oacute; t&igrave;m ra những giải ph&aacute;p, cơ hội v&agrave; sự hợp t&aacute;c mới.</p>\r\n\r\n<p><img alt=\"\" src=\"https://winpharma.com.vn/wp-content/uploads/2024/08/23.png\" style=\"height:561px; width:1053px\" /></p>\r\n\r\n<p><strong>Bạn sẽ được những g&igrave; khi tham gia Vietstock c&ugrave;ng Win Pharma?</strong></p>\r\n\r\n<ul>\r\n	<li><strong>Kh&aacute;m Ph&aacute; Sản Phẩm Mới:</strong>&nbsp;Tại gian h&agrave;ng của WinPharma, bạn sẽ c&oacute; cơ hội t&igrave;m hiểu c&aacute;c sản phẩm thuốc th&uacute; y ti&ecirc;n tiến v&agrave; hiệu quả nhất. Ch&uacute;ng t&ocirc;i tự h&agrave;o giới thiệu c&aacute;c sản phẩm đột ph&aacute;, gi&uacute;p cải thiện sức khỏe v&agrave; năng suất chăn nu&ocirc;i của bạn.</li>\r\n	<li><strong>Gặp Gỡ Chuy&ecirc;n Gia:</strong>&nbsp;Đội ngũ chuy&ecirc;n gia của ch&uacute;ng t&ocirc;i sẽ c&oacute; mặt tại gian h&agrave;ng để tư vấn v&agrave; giải đ&aacute;p mọi thắc mắc của bạn. Đ&acirc;y l&agrave; cơ hội tuyệt vời để bạn nhận được những lời khuy&ecirc;n qu&yacute; gi&aacute; từ những người c&oacute; kinh nghiệm h&agrave;ng đầu trong ng&agrave;nh.</li>\r\n	<li><strong>Ưu Đ&atilde;i Đặc Biệt:</strong>&nbsp;Ch&uacute;ng t&ocirc;i sẽ c&oacute; c&aacute;c chương tr&igrave;nh khuyến m&atilde;i v&agrave; ưu đ&atilde;i đặc biệt d&agrave;nh ri&ecirc;ng cho kh&aacute;ch tham quan gian h&agrave;ng của WinPharma. Đừng bỏ lỡ cơ hội để tiết kiệm chi ph&iacute; v&agrave; n&acirc;ng cao chất lượng sản phẩm của bạn.</li>\r\n</ul>\r\n\r\n<p><img alt=\"Vietstock 2024\" src=\"https://winpharma.com.vn/wp-content/uploads/2024/08/416298693_122116984490143227_1286789708098039483_n-1200x800.jpg\" style=\"height:568px; width:852px\" /></p>\r\n\r\n<p><strong>&nbsp;Địa điểm gian h&agrave;ng của Win Pharma:</strong></p>\r\n\r\n<ul>\r\n	<li><strong>Gian h&agrave;ng:&nbsp;BF13 &ndash; BE14</strong></li>\r\n	<li><strong>Ng&agrave;y:</strong>&nbsp;9-11 th&aacute;ng 10 năm 2024</li>\r\n	<li><strong>Địa chỉ:</strong>&nbsp;Trung t&acirc;m Hội chợ v&agrave; Triển l&atilde;m S&agrave;i G&ograve;n (SECC), 799 Nguyễn Văn Linh, Quận 7, TP. Hồ Ch&iacute; Minh.</li>\r\n</ul>\r\n\r\n<p>Đừng bỏ lỡ cơ hội để kết nối với ch&uacute;ng t&ocirc;i tại Vietstock 2024! H&atilde;y đăng k&yacute; tham gia sự kiện v&agrave; gh&eacute; thăm gian h&agrave;ng của WinPharma để trải nghiệm những sản phẩm v&agrave; dịch vụ tốt nhất trong ng&agrave;nh th&uacute; y. Ch&uacute;ng t&ocirc;i rất mong được gặp bạn tại Vietstock 2024 v&agrave; c&ugrave;ng kh&aacute;m ph&aacute; những cơ hội mới trong ng&agrave;nh th&uacute; y. Ch&uacute;ng t&ocirc;i tin rằng bạn sẽ kh&ocirc;ng bao giờ hối hận khi tham gia sự kiện n&agrave;y c&ugrave;ng Win Pharma. Chăn nu&ocirc;i bền vững c&ugrave;ng Win Pharma&nbsp;</p>\r\n\r\n<p><strong>Hotline: 1900.8935</strong></p>\r\n', 'uploads/posts/post_6914b4643d99c.jpg', 1, '2025-11-12 16:23:00', '2025-11-12 16:23:00');

-- --------------------------------------------------------

--
-- Table structure for table `products`
--

CREATE TABLE `products` (
  `id` int(11) NOT NULL,
  `category_id` int(11) DEFAULT NULL,
  `title` varchar(255) NOT NULL,
  `slug` varchar(255) NOT NULL,
  `short_description` text DEFAULT NULL,
  `price` decimal(12,2) DEFAULT 0.00,
  `promo_price` decimal(12,2) DEFAULT NULL,
  `description` mediumtext DEFAULT NULL,
  `display_order` int(11) DEFAULT 0,
  `created_at` timestamp NOT NULL DEFAULT current_timestamp(),
  `updated_at` timestamp NULL DEFAULT NULL ON UPDATE current_timestamp()
) ENGINE=InnoDB DEFAULT CHARSET=utf8mb4 COLLATE=utf8mb4_general_ci;

--
-- Dumping data for table `products`
--

INSERT INTO `products` (`id`, `category_id`, `title`, `slug`, `short_description`, `price`, `promo_price`, `description`, `display_order`, `created_at`, `updated_at`) VALUES
(1, 7, 'ADE ĐẠM SỮA', 'ade-dam-sua', 'DINH DƯỠNG DẠNG BỘT\r\nADE ĐẠM SỮA – ĐẠM SỮA CAO CẤP, CHỐNG CÒI, NẶNG CÂN, MƯỢT LÔNG, NỞ MÔNG, BUNG ĐÙI, BẬT ỨC', 0.00, NULL, '<p><strong>DINH DƯỠNG DẠNG BỘT</strong></p>\r\n\r\n<p><strong>ADE ĐẠM SỮA &ndash; ĐẠM SỮA CAO CẤP, CHỐNG C&Ograve;I, NẶNG C&Acirc;N, MƯỢT L&Ocirc;NG, NỞ M&Ocirc;NG, BUNG Đ&Ugrave;I, BẬT ỨC</strong></p>\r\n\r\n<p><strong>TH&Agrave;NH PHẦN:</strong>&nbsp;Vitamin A, D3, E, Protein v&agrave; một số th&agrave;nh phần bổ sung kh&aacute;c</p>\r\n\r\n<p><strong>C&Ocirc;NG DỤNG:</strong>&nbsp;</p>\r\n\r\n<p>Hiệu quả vỗ b&eacute;o nhanh, xuất chuồng sớm, hạn chế d&ugrave;ng kh&aacute;ng sinh trong chăn nu&ocirc;i gia s&uacute;c, gia cầm</p>\r\n\r\n<p>Bổ sung vitamin, axid amin v&agrave; enzyme cho vật nu&ocirc;i trong trường hợp thức ăn kh&ocirc;ng đủ dưỡng chất, rối loạn trao đổi chất, ti&ecirc;u chảy k&eacute;o d&agrave;i hoặc sau khi chủng ngừa vacccine</p>\r\n\r\n<p>Bổ sung protein một c&aacute;ch c&acirc;n đối. C&oacute; thể bổ sung thay thế cho sữa mẹ khi n&aacute;i mất sữa trong những ng&agrave;y ốm k&eacute;m do vận chuyển xa</p>\r\n\r\n<p>K&iacute;ch th&iacute;ch t&iacute;nh th&egrave;m ăn v&agrave; tăng cường ti&ecirc;u ho&aacute;, hấp thu, cải thiện hiệu quả thức ăn</p>\r\n\r\n<p>Gi&uacute;p gia s&uacute;c, gia cầm ăn nhiều, lớn nhanh, ch&acirc;n v&agrave;ng, l&ocirc;ng b&oacute;ng mượt v&agrave; nặng c&acirc;n</p>\r\n\r\n<p>Tăng khả năng đẻ trứng, tăng chất lượng trứng, l&ograve;ng đỏ nhiều, hạn chế đẻ non</p>\r\n\r\n<p><strong>LIỀU LƯỢNG V&Agrave; C&Aacute;CH D&Ugrave;NG:</strong></p>\r\n\r\n<p><strong>Tr&acirc;u, b&ograve;, d&ecirc;, cừu, lợn</strong>&nbsp; &nbsp; &nbsp; &nbsp; : 1g/8-10l nước hoặc 1g/2kg thức ăn</p>\r\n\r\n<p><strong>G&agrave;, vịt, ngan, ngỗng</strong>&nbsp; &nbsp; &nbsp; &nbsp; &nbsp;&nbsp;:<strong>&nbsp;1g/1l nước hoặc trộn 1g/1kg thức ăn</strong></p>\r\n\r\n<p>Ho&agrave; nước cho uống hoặc trộn với thức ăn</p>\r\n\r\n<p><strong>LƯU &Yacute;:</strong>&nbsp;Kh&ocirc;ng d&ugrave;ng qu&aacute; liều quy định.</p>\r\n\r\n<p><strong>CHỐNG CHỈ ĐỊNH:</strong>&nbsp;Kh&ocirc;ng d&ugrave;ng cho th&uacute; mẫn cảm với th&agrave;nh phần của thuốc.</p>\r\n\r\n<p><strong>BẢO QUẢN:</strong>&nbsp;Nơi kh&ocirc; tho&aacute;ng, nhiệt độ kh&ocirc;ng qu&aacute; 30&deg;C.</p>\r\n', 0, '2025-11-12 14:30:12', NULL),
(2, 7, 'ADE TRỨNG', 'ade-trung', 'ADE TRỨNG – GIÚP TĂNG NĂNG SUẤT TRỨNG, TĂNG TRỌNG LƯỢNG TRỨNG, VỎ TRỨNG DÀY, LÒNG ĐỎ TO, KÉO DÀI THỜI GIAN ĐẺ TRỨNG Ở GIA CẦM, GIÚP XƯƠNG GIA SÚC, GIA CẦM CHẮC KHOẺ, LÔNG, MÓNG ÓNG MƯỢT VÀ MAU LỚN', 0.00, NULL, '<p><strong>DINH DƯỠNG DẠNG BỘT</strong></p>\r\n\r\n<p><strong>ADE TRỨNG &ndash; GI&Uacute;P TĂNG NĂNG SUẤT TRỨNG, TĂNG TRỌNG LƯỢNG TRỨNG, VỎ TRỨNG D&Agrave;Y, L&Ograve;NG ĐỎ TO, K&Eacute;O D&Agrave;I THỜI GIAN ĐẺ TRỨNG Ở GIA CẦM, GI&Uacute;P XƯƠNG GIA S&Uacute;C, GIA CẦM CHẮC KHOẺ, L&Ocirc;NG, M&Oacute;NG &Oacute;NG MƯỢT V&Agrave; MAU LỚN</strong></p>\r\n\r\n<p><strong>TH&Agrave;NH PHẦN:</strong>&nbsp;vitamin A, D3, E v&agrave; một số th&agrave;nh phần bổ sung kh&aacute;c</p>\r\n\r\n<p><strong>C&Ocirc;NG DỤNG:</strong>&nbsp;Tăng tỷ lệ ph&ocirc;i, tỷ lệ ấp nở, tăng sản lượng trứng, ph&ograve;ng sảy thai, đẻ non. Tăng sức đề kh&aacute;ng, tăng cường hệ miễn dịch, chống stress</p>\r\n\r\n<p><strong>LIỀU LƯỢNG V&Agrave; C&Aacute;CH D&Ugrave;NG:</strong></p>\r\n\r\n<p><strong>G&agrave;, vịt, ngan, ngỗng, chim, c&uacute;t</strong>&nbsp; &nbsp; &nbsp; &nbsp;: 1g/1-2l nước hoặc 2g/1-2kg thức ăn</p>\r\n\r\n<p><strong>Tr&acirc;u, b&ograve;, d&ecirc;, cừu, heo&nbsp;</strong>&nbsp; &nbsp; &nbsp; &nbsp; &nbsp; &nbsp; &nbsp; &nbsp; &nbsp; &nbsp; &nbsp;: 1g/8-10l nước hoặc 1g/2kg thức ăn</p>\r\n\r\n<p><strong>LƯU &Yacute;:</strong>&nbsp;Kh&ocirc;ng d&ugrave;ng qu&aacute; liều quy định.</p>\r\n\r\n<p><strong>CHỐNG CHỈ ĐỊNH:</strong>&nbsp;Kh&ocirc;ng d&ugrave;ng cho th&uacute; mẫn cảm với th&agrave;nh phần của thuốc.</p>\r\n\r\n<p><strong>BẢO QUẢN:</strong>&nbsp;Nơi kh&ocirc; tho&aacute;ng, nhiệt độ kh&ocirc;ng qu&aacute; 30&deg;C.</p>\r\n', 0, '2025-11-12 15:03:06', NULL),
(3, 7, 'Bộ W-phage', 'bo-w-phage', 'BỘ W-PHAGE – KHÔNG PHẢI LÀ THUỐC KHÁNG SINH\r\nBẮT VI KHUẨN E.COLI, SALMONELLA, CLOSTRIDIUM (2 TRONG 1)', 0.00, NULL, '<p><strong>BỘ W-PHAGE &ndash; KH&Ocirc;NG PHẢI L&Agrave; THUỐC KH&Aacute;NG SINH</strong></p>\r\n\r\n<p><strong>BẮT VI KHUẨN E.COLI, SALMONELLA, CLOSTRIDIUM (2 TRONG 1)</strong></p>\r\n\r\n<p><strong>GỒM BỘ 2 SẢN PHẨM:</strong></p>\r\n\r\n<p><strong>1.<a href=\"https://winpharma.com.vn/product/w-phage/\">W-PHAGE</a></strong>: Bắt vi khuẩn E.coli, Salmonella, Clostridium</p>\r\n\r\n<p><strong>2.<a href=\"https://winpharma.com.vn/product/w-nutri/\">W-NUTRI</a></strong>: K&iacute;ch th&iacute;ch sản sinh thực khuẩn thể mới nhanh ch&oacute;ng tăng lực, k&iacute;ch th&iacute;ch tăng trưởng, tăng cường hệ miễn dịch chống lại mầm bệnh</p>\r\n', 0, '2025-11-12 15:04:03', NULL),
(4, 7, 'BV-BỔ GAN THẬN', 'bv-bo-gan-than', 'BV-BỔ GAN THẬN – GIẢI ĐỘC, MÁT GAN, TIÊU HOÁ TỐT, KÍCH THÍCH THÈM ĂN, TĂNG CƯỜNG HỆ MIỄN DỊCH', 0.00, NULL, '<p><strong>DINH DƯỠNG DẠNG BỘT</strong></p>\r\n\r\n<p><strong>BV-BỔ GAN THẬN &ndash; GIẢI ĐỘC, M&Aacute;T GAN, TI&Ecirc;U HO&Aacute; TỐT, K&Iacute;CH TH&Iacute;CH TH&Egrave;M ĂN, TĂNG CƯỜNG HỆ MIỄN DỊCH</strong></p>\r\n\r\n<p><strong>TH&Agrave;NH PHẦN:</strong>&nbsp;Vitamin C, B1, Mangnesium, Lysine, Methionine v&agrave; một số th&agrave;nh phần bổ sung kh&aacute;c</p>\r\n\r\n<p><strong>C&Ocirc;NG DỤNG:</strong>&nbsp;</p>\r\n\r\n<p>Tăng cường chức năng giải độc, tiết mật, ngừa chứng kh&oacute; ti&ecirc;u, t&aacute;o b&oacute;n, ph&acirc;n sống</p>\r\n\r\n<p>K&iacute;ch th&iacute;ch th&egrave;m ăn, n&acirc;ng cao hiệu quả sử dụng thức ăn, tổng hợp protein gi&uacute;p gia s&uacute;c, gia cầm mau lớn, đẻ nhiều</p>\r\n\r\n<p>T&aacute;i tạo tế b&agrave;o gan, phục hồi sức khoẻ v&agrave; tăng cường hệ miễn dịch ở gia s&uacute;c, gia cầm</p>\r\n\r\n<p><strong>LIỀU LƯỢNG V&Agrave; C&Aacute;CH D&Ugrave;NG:</strong></p>\r\n\r\n<p><strong>G&agrave;, vịt, ngan, ngỗng, thỏ, c&uacute;t, bồ c&acirc;u</strong>&nbsp; &nbsp; &nbsp; &nbsp; : 1g/1l nước uống hoặc 1kg/300-400kg thức ăn</p>\r\n\r\n<p><strong>Heo, d&ecirc;, cừu, b&ecirc;, ngh&eacute;</strong>&nbsp; &nbsp; &nbsp; &nbsp; &nbsp; &nbsp; &nbsp; &nbsp; &nbsp; &nbsp; &nbsp; &nbsp; &nbsp; &nbsp; &nbsp; &nbsp; &nbsp;: 1g/2l nước uống hoặc 1.5kg/1 tấn thức ăn</p>\r\n\r\n<p><strong>Tr&acirc;u, b&ograve;, ngựa</strong>&nbsp; &nbsp; &nbsp; &nbsp; &nbsp; &nbsp; &nbsp; &nbsp; &nbsp; &nbsp; &nbsp; &nbsp; &nbsp; &nbsp; &nbsp; &nbsp; &nbsp; &nbsp; &nbsp; &nbsp; &nbsp; &nbsp; &nbsp; &nbsp;:<strong>&nbsp;1g/5l nước uống hoặc 1kg/1 tấn thức ăn</strong></p>\r\n\r\n<p>Ho&agrave; với nước hoặc trộn với thức ăn</p>\r\n\r\n<p><strong>LƯU &Yacute;:</strong>&nbsp;Kh&ocirc;ng d&ugrave;ng qu&aacute; liều quy định.</p>\r\n\r\n<p><strong>BẢO QUẢN:</strong>&nbsp;Nơi kh&ocirc; tho&aacute;ng, nhiệt độ kh&ocirc;ng qu&aacute; 30&deg;C.</p>\r\n', 0, '2025-11-12 15:06:30', NULL),
(5, 7, 'CALCIUM-PLUS', 'calcium-plus', 'CALCIUM-PLUS – ĐẺ KHOẺ, TRỨNG TO, VỎ DÀY, CHẮC XƯƠNG, MƯỢT LÔNG, PHÒNG BẠI LIỆT', 0.00, NULL, '<p><strong>DINH DƯỠNG DẠNG BỘT</strong></p>\r\n\r\n<p><strong>CALCIUM-PLUS &ndash; ĐẺ KHOẺ, TRỨNG TO, VỎ D&Agrave;Y, CHẮC XƯƠNG, MƯỢT L&Ocirc;NG, PH&Ograve;NG BẠI LIỆT</strong></p>\r\n\r\n<p><strong>TH&Agrave;NH PHẦN:</strong>&nbsp;Canxi, Biotin, Vitamin D3, Mangnesium, Manganese, Iron, Copper, Zinc, Cobalt v&agrave; một số th&agrave;nh phần kh&aacute;c</p>\r\n\r\n<p><strong>C&Ocirc;NG DỤNG:</strong>&nbsp;</p>\r\n\r\n<p>Bổ sung men vi sinh gi&uacute;p gia s&uacute;c, gia cầm ổn định c&acirc;n bằng hệ vi sinh vật đường ruột, hấp thụ thức ăn triệt để, cải thiện FCR</p>\r\n\r\n<p>Ngừa bệnh E.coli, thương h&agrave;n, vi&ecirc;m ruột hoại tử tr&ecirc;n g&agrave;, vịt, ngan, c&uacute;t</p>\r\n\r\n<p>Ph&ograve;ng v&agrave; xử l&yacute; c&aacute;c bệnh thường gặp tr&ecirc;n gia s&uacute;c, gia cầm như: bệnh ph&acirc;n trắng lợn con trong giai đoạn theo mẹ, bệnh sưng ph&ugrave; đầu của lợn con, bệnh ph&acirc;n sống do rối loạn ti&ecirc;u ho&aacute;, chống rối loạn ti&ecirc;u ho&aacute; do sử dụng kh&aacute;ng sinh tr&ecirc;n gia s&uacute;c, gia cầm</p>\r\n\r\n<p><strong>LIỀU LƯỢNG V&Agrave; C&Aacute;CH D&Ugrave;NG:</strong></p>\r\n\r\n<p><strong>B&ograve; sữa đang khai th&aacute;c</strong>&nbsp; &nbsp; &nbsp; &nbsp;: 2g/1l nước uống hoặc trộn thức ăn 100g/con/ng&agrave;y</p>\r\n\r\n<p><strong>B&ograve; sữa mang thai</strong>&nbsp; &nbsp; &nbsp; &nbsp; &nbsp; &nbsp; &nbsp; &nbsp;: 3g/l nước uống, li&ecirc;n tục 2 tuần trước khi sinh</p>\r\n\r\n<p><strong>Gia cầm, heo</strong>&nbsp; &nbsp; &nbsp; &nbsp; &nbsp; &nbsp; &nbsp; &nbsp; &nbsp; &nbsp; &nbsp; &nbsp;:<strong>&nbsp;1-2g/ 1l nước hoặc trộn 100g/50-100kg thức ăn</strong></p>\r\n\r\n<p>Ho&agrave; với nước hoặc trộn với thức ăn</p>\r\n\r\n<p><strong>LƯU &Yacute;:</strong>&nbsp;Kh&ocirc;ng d&ugrave;ng qu&aacute; liều quy định.</p>\r\n\r\n<p><strong>BẢO QUẢN:</strong>&nbsp;Nơi kh&ocirc; tho&aacute;ng, nhiệt độ kh&ocirc;ng qu&aacute; 30&deg;C.</p>\r\n', 0, '2025-11-12 15:07:08', NULL),
(6, 7, 'ĐIỆN GIẢI C', 'dien-giai-c', 'ĐIỆN GIẢI C – GIẢI NHIỆT, TĂNG LỰC, CHỐNG NÓNG, CHỐNG MẤT NƯỚC, TĂNG SỨC ĐỀ KHÁNG, NGĂN NGỪA STRESS', 0.00, NULL, '<p><strong>DINH DƯỠNG DẠNG BỘT</strong></p>\r\n\r\n<p><strong>ĐIỆN GIẢI C &ndash; GIẢI NHIỆT, TĂNG LỰC, CHỐNG N&Oacute;NG, CHỐNG MẤT NƯỚC, TĂNG SỨC ĐỀ KH&Aacute;NG, NGĂN NGỪA STRESS</strong></p>\r\n\r\n<p><strong>TH&Agrave;NH PHẦN:</strong>&nbsp;Vitamin K3, C, Natri v&agrave; một số th&agrave;nh phần kh&aacute;c</p>\r\n\r\n<p><strong>C&Ocirc;NG DỤNG:</strong>&nbsp;</p>\r\n\r\n<p>Bổ sung điện giải v&agrave; vitamin C, K cho gia s&uacute;c, gia cầm</p>\r\n\r\n<p>Chống n&oacute;ng, tăng cường giải độc</p>\r\n\r\n<p>Cầm m&aacute;u, tăng t&iacute;nh bền vững th&agrave;nh mạch</p>\r\n\r\n<p>Hỗ trợ ph&ograve;ng v&agrave; xử l&yacute; c&aacute;c bệnh: Cầu tr&ugrave;ng, Gumboro, ti&ecirc;u chảy, E.coli</p>\r\n\r\n<p>Chống stress khi thay đổi thời tiết, chủng vacxin, cắt mỏ, vận chuyển gia s&uacute;c, gia cầm</p>\r\n\r\n<p><strong>LIỀU LƯỢNG V&Agrave; C&Aacute;CH D&Ugrave;NG:</strong></p>\r\n\r\n<p><strong>Gia s&uacute;c</strong>&nbsp; &nbsp; &nbsp; &nbsp; &nbsp; &nbsp; &nbsp; &nbsp; &nbsp; &nbsp; &nbsp; &nbsp; &nbsp;: 100g/50l nước hoặc 100g/70kg thức ăn</p>\r\n\r\n<p><strong>Gia cầm</strong>&nbsp; &nbsp; &nbsp; &nbsp; &nbsp; &nbsp; &nbsp; &nbsp; &nbsp; &nbsp; &nbsp; &nbsp;&nbsp;:<strong>&nbsp;100g/100l nước hoặc 100g/50kg thức ăn</strong></p>\r\n\r\n<p>Ho&agrave; nước uống hoặc trộn với thức ăn</p>\r\n\r\n<p><strong>LƯU &Yacute;:</strong>&nbsp;Kh&ocirc;ng d&ugrave;ng qu&aacute; liều quy định.</p>\r\n\r\n<p><strong>BẢO QUẢN:</strong>&nbsp;Nơi kh&ocirc; tho&aacute;ng, nhiệt độ kh&ocirc;ng qu&aacute; 30&deg;C.</p>\r\n', 0, '2025-11-12 15:07:41', NULL),
(7, 7, 'GLUCO K C', 'gluco-k-c', 'GLUCO K C – CẦM MÁU, THANH NHIỆT, GIẢI ĐỘC, NÂNG CAO SỨC ĐỀ KHÁNG, TĂNG CƯỜNG HỆ MIỄN DỊCH', 0.00, NULL, '<p><strong>DINH DƯỠNG DẠNG BỘT</strong></p>\r\n\r\n<p><strong>GLUCO K C &ndash; CẦM M&Aacute;U, THANH NHIỆT, GIẢI ĐỘC, N&Acirc;NG CAO SỨC ĐỀ KH&Aacute;NG, TĂNG CƯỜNG HỆ MIỄN DỊCH</strong></p>\r\n\r\n<p><strong>TH&Agrave;NH PHẦN:</strong>&nbsp;Vitamin K3, C v&agrave; một số th&agrave;nh phần kh&aacute;c</p>\r\n\r\n<p><strong>C&Ocirc;NG DỤNG:</strong></p>\r\n\r\n<p>Giải độc, chống n&oacute;ng, chống xuất huyết, giải nhiệt cho gia s&uacute;c, gia cầm.&nbsp;</p>\r\n\r\n<p>Tăng lực, chống suy kiệt cho lợn n&aacute;i sau sinh.</p>\r\n\r\n<p>Sản phẩm đặc biệt hiệu quả trong hỗ trợ v&agrave; xử l&yacute; c&aacute;c bệnh truyền nhiễm kế ph&aacute;t như PRRS (tai xanh, sốt đỏ) ở lợn, Gumboro, k&yacute; sinh tr&ugrave;ng đường m&aacute;u ở g&agrave;</p>\r\n\r\n<p><strong>LIỀU LƯỢNG V&Agrave; C&Aacute;CH D&Ugrave;NG:</strong></p>\r\n\r\n<p><strong>G&agrave;, vịt, ngan, ngỗng, chim, c&uacute;t</strong>&nbsp; &nbsp; : 1g/1l nước hoặc 2g/1kg thức ăn</p>\r\n\r\n<p><strong>Lợn, tr&acirc;u, b&ograve;, d&ecirc;, cừu&nbsp;</strong>&nbsp; &nbsp; &nbsp; &nbsp; &nbsp; &nbsp; &nbsp; &nbsp; &nbsp; : 100g/50l nước hoặc 100g/50-60kg thức ăn</p>\r\n\r\n<p>Ho&agrave; với nước hoặc trộn với thức ăn</p>\r\n\r\n<p><strong>LƯU &Yacute;:</strong>&nbsp;Kh&ocirc;ng d&ugrave;ng qu&aacute; liều quy định.</p>\r\n\r\n<p><strong>BẢO QUẢN:</strong>&nbsp;Nơi kh&ocirc; tho&aacute;ng, nhiệt độ kh&ocirc;ng qu&aacute; 30&deg;C.</p>\r\n', 0, '2025-11-12 15:08:08', NULL),
(8, 7, 'GLUCO K-C AMIN THẢO DƯỢC', 'gluco-k-c-amin-thao-duoc', 'GLUCO K-C AMIN THẢO DƯỢC – CUNG CẤP CHẤT ĐIỆN GIẢI, BÙ NƯỚC CHO VẬT NUÔI KHI VẬT NUÔI BỊ SỐT CAO, TIÊU CHẢY', 0.00, NULL, '<p><strong>DINH DƯỠNG DẠNG BỘT</strong></p>\r\n\r\n<p><strong>GLUCO K-C AMIN THẢO DƯỢC &ndash; CUNG CẤP CHẤT ĐIỆN GIẢI, B&Ugrave; NƯỚC CHO VẬT NU&Ocirc;I KHI VẬT NU&Ocirc;I BỊ SỐT CAO, TI&Ecirc;U CHẢY</strong></p>\r\n\r\n<p><strong>TH&Agrave;NH PHẦN:</strong>&nbsp;Vitamin C, Lysine, Vitamin K3, Methionine v&agrave; một số th&agrave;nh phần kh&aacute;c</p>\r\n\r\n<p><strong>C&Ocirc;NG DỤNG:</strong>&nbsp;N&acirc;ng cao sức đề kh&aacute;ng, tăng cường hệ miễn dịch, tăng khả năng kh&aacute;ng bệnh, giải nhiệt, chống n&oacute;ng, chống mất nước. Tăng lực, ngăn ngừa stress.</p>\r\n\r\n<p><strong>LIỀU LƯỢNG V&Agrave; C&Aacute;CH D&Ugrave;NG:</strong></p>\r\n\r\n<p><strong>Gia s&uacute;c</strong>&nbsp; &nbsp; &nbsp; &nbsp; : 100g/50l nước hoặc 100g/70kg thức ăn</p>\r\n\r\n<p><strong>Gia cầm</strong>&nbsp; &nbsp; &nbsp; &nbsp;:<strong>&nbsp;100g/100l nước hoặc 100g/50kg thức ăn.</strong></p>\r\n\r\n<p><strong>LƯU &Yacute;:</strong>&nbsp;Kh&ocirc;ng d&ugrave;ng qu&aacute; liều quy định.</p>\r\n\r\n<p><strong>BẢO QUẢN:</strong>&nbsp;Nơi kh&ocirc; tho&aacute;ng, nhiệt độ kh&ocirc;ng qu&aacute; 30&deg;C.</p>\r\n', 0, '2025-11-12 15:08:42', NULL),
(9, 7, 'GLUCO KC-GINSENG', 'gluco-kc-ginseng', 'GLUCO KC-GINSENG – GIÚP TĂNG CƯỚNG SỨC ĐỀ KHÁNG, TĂNG CƯỜNG HẤP THU THỨC ĂN, TIÊU HOÁ TỐT', 0.00, NULL, '<p><strong>DINH DƯỠNG DẠNG BỘT</strong></p>\r\n\r\n<p><strong>GLUCO KC-GINSENG &ndash; GI&Uacute;P TĂNG CƯỚNG SỨC ĐỀ KH&Aacute;NG, TĂNG CƯỜNG HẤP THU THỨC ĂN, TI&Ecirc;U HO&Aacute; TỐT</strong></p>\r\n\r\n<p><strong>TH&Agrave;NH PHẦN:</strong>&nbsp;Vitamin C, K3 v&agrave; một số th&agrave;nh phần kh&aacute;c</p>\r\n\r\n<p><strong>C&Ocirc;NG DỤNG:</strong>&nbsp;N&acirc;ng cao sức đề kh&aacute;ng, tăng cường hệ miễn dịch, giải độc, chống n&oacute;ng, chống xuất huyết, cầm m&aacute;u, giải nhiệt</p>\r\n\r\n<p><strong>LIỀU LƯỢNG V&Agrave; C&Aacute;CH D&Ugrave;NG:</strong></p>\r\n\r\n<p><strong>G&agrave;, vịt, chim, c&uacute;t, ngan, ngỗng</strong>&nbsp; &nbsp; : 1g/1l nước hoặc 2g/1kg thức ăn</p>\r\n\r\n<p><strong>Lợn, tr&acirc;u, b&ograve;, d&ecirc;, cừu&nbsp;</strong>&nbsp; &nbsp; &nbsp; &nbsp; &nbsp; &nbsp; &nbsp; &nbsp; &nbsp; : 100g/50l nước hoặc 100g/50-60kg thức ăn</p>\r\n\r\n<p><strong>LƯU &Yacute;:</strong>&nbsp;Kh&ocirc;ng d&ugrave;ng qu&aacute; liều quy định.</p>\r\n\r\n<p><strong>BẢO QUẢN:</strong>&nbsp;Nơi kh&ocirc; tho&aacute;ng, nhiệt độ kh&ocirc;ng qu&aacute; 30&deg;C.</p>\r\n', 0, '2025-11-12 15:09:37', NULL),
(10, 7, 'LACTO C', 'lacto-c', 'LACTO C – BỔ SUNG VITAMIN, AXIT AMIN VÀ VI SINH VẬT CÓ LỢI GIÚP CON VẬT TĂNG TÍNH THÈM ĂN, TĂNG TRỌNG NHANH, MAU LỚN, CÂN BẰNG HỆ VI SINH VẬT ĐƯỜNG RUỘT, GIÚP TĂNG SỨC ĐỀ KHÁNG, GIẢM NHIỆT CHO GIA SÚC, GIA CẦM', 0.00, NULL, '<p><strong>DINH DƯỠNG DẠNG BỘT</strong></p>\r\n\r\n<p><strong>LACTO C &ndash; BỔ SUNG VITAMIN, AXIT AMIN V&Agrave; VI SINH VẬT C&Oacute; LỢI GI&Uacute;P CON VẬT TĂNG T&Iacute;NH TH&Egrave;M ĂN, TĂNG TRỌNG NHANH, MAU LỚN, C&Acirc;N BẰNG HỆ VI SINH VẬT ĐƯỜNG RUỘT, GI&Uacute;P TĂNG SỨC ĐỀ KH&Aacute;NG, GIẢM NHIỆT CHO GIA S&Uacute;C, GIA CẦM</strong></p>\r\n\r\n<p><strong>TH&Agrave;NH PHẦN:</strong>&nbsp;Bacillus subtilis, Vitamin C, B2, B3 v&agrave; một số th&agrave;nh phần kh&aacute;c</p>\r\n\r\n<p><strong>C&Ocirc;NG DỤNG:</strong>&nbsp;Tăng cường hệ miễn dịch, n&acirc;ng cao sức đề kh&aacute;ng, tăng khả năng hấp thụ c&aacute;c chất dinh dưỡng, giảm stress. N&acirc;ng cao hiệu quả khai th&aacute;c trứng ở gia cầm đẻ</p>\r\n\r\n<p><strong>LIỀU LƯỢNG V&Agrave; C&Aacute;CH D&Ugrave;NG:</strong></p>\r\n\r\n<p><strong>Lợn con tập ăn, cai sữa, b&ecirc;</strong>&nbsp; &nbsp; &nbsp; &nbsp; &nbsp; &nbsp; &nbsp; &nbsp; &nbsp; : 100g/30kg thức ăn</p>\r\n\r\n<p><strong>Gia s&uacute;c kh&aacute;c</strong>&nbsp; &nbsp; &nbsp; &nbsp; &nbsp; &nbsp; &nbsp; &nbsp; &nbsp; &nbsp; &nbsp; &nbsp; &nbsp; &nbsp; &nbsp; &nbsp; &nbsp; &nbsp; &nbsp; &nbsp; &nbsp; : 1kg/400kg thức ăn</p>\r\n\r\n<p><strong>Gia cầm ( G&agrave;, vịt, ngan, ngỗng, c&uacute;t)</strong>&nbsp; &nbsp;&nbsp;:<strong>&nbsp;100g/50kg thức ăn</strong></p>\r\n\r\n<p><strong>LƯU &Yacute;:</strong>&nbsp;Kh&ocirc;ng d&ugrave;ng qu&aacute; liều quy định.</p>\r\n\r\n<p><strong>BẢO QUẢN:</strong>&nbsp;Nơi kh&ocirc; tho&aacute;ng, nhiệt độ kh&ocirc;ng qu&aacute; 30&deg;C.</p>\r\n', 0, '2025-11-12 15:10:15', NULL),
(11, 7, 'MEN MUTIZYM', 'men-mutizym', 'MUTIZYM – KÍCH THÍCH TIÊU HOÁ, PHÒNG NGỪA TIÊU CHẢY, PHÂN KHÔ, GIẢM MÙI HÔI', 0.00, NULL, '<p><strong>DINH DƯỠNG DẠNG BỘT</strong></p>\r\n\r\n<p><strong>MUTIZYM &ndash; K&Iacute;CH TH&Iacute;CH TI&Ecirc;U HO&Aacute;, PH&Ograve;NG NGỪA TI&Ecirc;U CHẢY, PH&Acirc;N KH&Ocirc;, GIẢM M&Ugrave;I H&Ocirc;I</strong></p>\r\n\r\n<p><strong>TH&Agrave;NH PHẦN:</strong>&nbsp;Bacillus subtillis, Bacillus cereus v&agrave; một số th&agrave;nh phần kh&aacute;c&nbsp;</p>\r\n\r\n<p><strong>C&Ocirc;NG DỤNG:</strong>&nbsp;</p>\r\n\r\n<p>Bổ sung men vi sinh gi&uacute;p gia s&uacute;c, gia cầm ổn định c&acirc;n bằng hệ vi sinh vật đường ruột, hấp thu thức ăn triệt để, cải thiện FCR</p>\r\n\r\n<p>Ngừa bệnh E.coli, thương h&agrave;n, vi&ecirc;m ruột hoại tử tr&ecirc;n g&agrave;, vịt, ngan, ngỗng</p>\r\n\r\n<p>Ph&ograve;ng v&agrave; xử l&yacute; c&aacute;c bệnh thường gặp tr&ecirc;n gia s&uacute;c, gia cầm như bệnh ph&acirc;n trắng lợn con trong giai đoạn theo mẹ, bệnh sưng ph&ugrave; đầu của lợn con, bệnh ph&acirc;n sống do rối loạn ti&ecirc;u ho&aacute;</p>\r\n\r\n<p>Chống rối loạn ti&ecirc;u ho&aacute; khi sử dụng kh&aacute;ng sinh cho gia s&uacute;c, gia cầm</p>\r\n\r\n<p><strong>LIỀU LƯỢNG V&Agrave; C&Aacute;CH D&Ugrave;NG:</strong></p>\r\n\r\n<p><strong>Gia s&uacute;c kh&aacute;c&nbsp; &nbsp; &nbsp; &nbsp; &nbsp;</strong>&nbsp; &nbsp; &nbsp; &nbsp;: 1kg/400kg thức ăn</p>\r\n\r\n<p><strong>Heo con, b&ecirc;, ngh&eacute;&nbsp; &nbsp; &nbsp;</strong>&nbsp; : 1kg/400kg thức ăn</p>\r\n\r\n<p><strong>Gia cầm</strong>&nbsp; &nbsp; &nbsp; &nbsp; &nbsp; &nbsp; &nbsp; &nbsp; &nbsp; &nbsp; &nbsp; &nbsp;&nbsp;:<strong>&nbsp;1klg/200kg thức ăn</strong></p>\r\n\r\n<p>Ho&agrave; nước hoặc trộn với thức ăn, sử dụng li&ecirc;n tục trong suốt thời gian nu&ocirc;i gia s&uacute;c</p>\r\n\r\n<p><strong>LƯU &Yacute;:</strong>&nbsp;Kh&ocirc;ng d&ugrave;ng qu&aacute; liều quy định.</p>\r\n\r\n<p><strong>BẢO QUẢN:</strong>&nbsp;Nơi kh&ocirc; tho&aacute;ng, nhiệt độ kh&ocirc;ng qu&aacute; 30&deg;C.</p>\r\n', 0, '2025-11-12 15:10:39', NULL),
(12, 7, 'MEN SỐNG TAN', 'men-song-tan', 'MEN SỐNG TAN – GIÚP KÍCH THÍCH TIÊU HOÁ, CHUYỂN HOÁ THỨC ĂN GIÚP LỢN, TRÂU, BÒ, GÀ, VỊT, NGAN, CÚT TĂNG TRƯỞNG NHANH, MAU LỚN, GIÚP CÂN BẰNG HỆ VI SINH VẬT ĐƯỜNG RUỘT', 0.00, NULL, '<p><strong>DINH DƯỠNG DẠNG BỘT</strong></p>\r\n\r\n<p><strong>MEN SỐNG TAN &ndash; GI&Uacute;P K&Iacute;CH TH&Iacute;CH TI&Ecirc;U HO&Aacute;, CHUYỂN HO&Aacute; THỨC ĂN GI&Uacute;P LỢN, TR&Acirc;U, B&Ograve;, G&Agrave;, VỊT, NGAN, C&Uacute;T TĂNG TRƯỞNG NHANH, MAU LỚN, GI&Uacute;P C&Acirc;N BẰNG HỆ VI SINH VẬT ĐƯỜNG RUỘT</strong></p>\r\n\r\n<p><strong>TH&Agrave;NH PHẦN:</strong>&nbsp;Bacillus subtilis, Vitamin B1, B6 v&agrave; một số th&agrave;nh phần kh&aacute;c</p>\r\n\r\n<p><strong>C&Ocirc;NG DỤNG:</strong>&nbsp;K&iacute;ch th&iacute;ch ti&ecirc;u ho&aacute;, giảm ti&ecirc;u tốn thức ăn, tăng trọng nhanh, ngăn ngừa c&aacute;c bệnh g&acirc;y rối loạn tri&ecirc;u ho&aacute;, n&acirc;ng cao sức đề kh&aacute;ng, tăng cường hệ miễn dịch</p>\r\n\r\n<p><strong>LIỀU LƯỢNG V&Agrave; C&Aacute;CH D&Ugrave;NG:</strong></p>\r\n\r\n<p><strong>Heo con, b&ecirc;, ngh&eacute;&nbsp;</strong>&nbsp;&nbsp; &nbsp;: 1kg/200-300kg thức ăn</p>\r\n\r\n<p><strong>Gia cầm</strong>&nbsp; &nbsp; &nbsp; &nbsp; &nbsp; &nbsp; &nbsp; &nbsp; &nbsp; &nbsp; &nbsp;&nbsp;:<strong>&nbsp;1kg/200kg thức ăn</strong></p>\r\n\r\n<p><strong>Gia s&uacute;c kh&aacute;c</strong>&nbsp; &nbsp; &nbsp; &nbsp; &nbsp; &nbsp; &nbsp; : 1kg/400kg thức ăn</p>\r\n\r\n<p><strong>LƯU &Yacute;:</strong>&nbsp;Kh&ocirc;ng d&ugrave;ng qu&aacute; liều quy định.</p>\r\n\r\n<p><strong>BẢO QUẢN:</strong>&nbsp;Nơi kh&ocirc; tho&aacute;ng, nhiệt độ kh&ocirc;ng qu&aacute; 30&deg;C.</p>\r\n', 0, '2025-11-12 15:11:05', NULL),
(13, 7, 'PROBIOTICS', 'probiotics', 'PROBIOTICS – KÍCH THÍCH TIÊU HOÁ, GIẢM TIÊU TỐN THỨC ĂN, NGỪA TIÊU CHẢY', 0.00, NULL, '<p><strong>DINH DƯỠNG DẠNG BỘT</strong></p>\r\n\r\n<p><strong>PROBIOTICS &ndash; K&Iacute;CH TH&Iacute;CH TI&Ecirc;U HO&Aacute;, GIẢM TI&Ecirc;U TỐN THỨC ĂN, NGỪA TI&Ecirc;U CHẢY</strong></p>\r\n\r\n<p><strong>TH&Agrave;NH PHẦN:</strong>&nbsp;Bacillus subtillis, Methionine, Lysine, Vitamin C, B1, B6 v&agrave; một số th&agrave;nh phần kh&aacute;c</p>\r\n\r\n<p><strong>C&Ocirc;NG DỤNG:</strong>&nbsp;Cung cấp vi sinh vật sống c&oacute; lợi cho gia s&uacute;c, gia cầm. Ngăn ngừa c&aacute;c bệnh g&acirc;y rối loạn ti&ecirc;u ho&aacute;. K&iacute;ch th&iacute;ch ti&ecirc;u ho&aacute;, giảm ti&ecirc;u tốn thức ăn, tăng trọng nhanh. N&acirc;ng cao sức đề kh&aacute;ng, tăng cường hệ miễn dịch, giảm stress.</p>\r\n\r\n<p><strong>LIỀU LƯỢNG V&Agrave; C&Aacute;CH D&Ugrave;NG:</strong></p>\r\n\r\n<p><strong>Lợn con tập ăn, cai sữa, b&ecirc;</strong>&nbsp; &nbsp; &nbsp; &nbsp; &nbsp; &nbsp; &nbsp; &nbsp; &nbsp;: 100g/30kg thức ăn</p>\r\n\r\n<p><strong>Gia s&uacute;c kh&aacute;c&nbsp;</strong>&nbsp; &nbsp; &nbsp; &nbsp; &nbsp; &nbsp; &nbsp; &nbsp; &nbsp; &nbsp; &nbsp; &nbsp; &nbsp; &nbsp; &nbsp; &nbsp; &nbsp; &nbsp; &nbsp; &nbsp; &nbsp;: 1kg/400kg thức ăn&nbsp;</p>\r\n\r\n<p><strong>Gia cầm (g&agrave;, vịt, ngan, ngỗng, c&uacute;t)</strong>&nbsp; &nbsp; &nbsp;:<strong>&nbsp;100g/50kg thức ăn</strong></p>\r\n\r\n<p>Ho&agrave; với nước hoặc trộn với thức ăn, sử dụng li&ecirc;n tục trong suốt thời gian nu&ocirc;i gia s&uacute;c gia cầm</p>\r\n\r\n<p><strong>LƯU &Yacute;:</strong>&nbsp;Kh&ocirc;ng d&ugrave;ng qu&aacute; liều quy định.</p>\r\n\r\n<p><strong>BẢO QUẢN:</strong>&nbsp;Nơi kh&ocirc; tho&aacute;ng, nhiệt độ kh&ocirc;ng qu&aacute; 30&deg;C.</p>\r\n', 0, '2025-11-12 15:11:33', NULL),
(14, 7, 'SIÊU GIẢI ĐỘC AMINOVITOL', 'sieu-giai-doc-aminovitol', 'AMINOVITOL – GIẢI ĐỘC GAN THẬN CẤP, TĂNG CƯỜNG TRAO ĐỔI CHẤT, KÍCH THÍCH ĂN NHIỀU, TĂNG TRỌNG NHANH', 0.00, NULL, '<p><strong>THUỐC UỐNG DẠNG LỎNG</strong></p>\r\n\r\n<p><strong>AMINOVITOL &ndash; GIẢI ĐỘC GAN THẬN CẤP, TĂNG CƯỜNG TRAO ĐỔI CHẤT, K&Iacute;CH TH&Iacute;CH ĂN NHIỀU, TĂNG TRỌNG NHANH</strong></p>\r\n\r\n<p><strong>TH&Agrave;NH PHẦN:</strong>&nbsp;Sorbitol, Lysine, Methionine, Vitamin B6, Bổ sung vitamin, kho&aacute;ng, probiotic; Bổ sung enzyme, th&agrave;nh phần thảo dược</p>\r\n\r\n<p><strong>C&Ocirc;NG DỤNG:</strong>&nbsp;</p>\r\n\r\n<p>Bổ gan, giải độc gan, phục hồi chức năng gan, k&iacute;ch th&iacute;ch tiết mật, tiết dịch vị d&ugrave;ng để hỗ trợ điều trị v&agrave; ph&ograve;ng chống c&aacute;c bệnh nhiễm độc gan, vi&ecirc;m t&uacute;i mật, kh&oacute; ti&ecirc;u, chướng bụng, đầy hơi, ỉa chảy, ph&acirc;n sống, t&aacute;o b&oacute;n, dị ứng</p>\r\n\r\n<p>Ph&ograve;ng v&agrave; hỗ trợ xử l&yacute; c&aacute;c bệnh tho&aacute;i ho&aacute; gan, t&iacute;ch mỡ trong c&aacute;c trường hợp vi&ecirc;m gan cấp, sơ gan</p>\r\n\r\n<p>Tăng cường qu&aacute; tr&igrave;nh trao đổi chất, k&iacute;ch th&iacute;ch tạo m&aacute;u, tăng trường nhanh, l&ocirc;ng mượt, hồng da</p>\r\n\r\n<p><strong>LIỀU LƯỢNG V&Agrave; C&Aacute;CH D&Ugrave;NG:</strong></p>\r\n\r\n<p><strong>Tr&acirc;u b&ograve;, d&ecirc;, cừu, lợn&nbsp; &nbsp;&nbsp;</strong>:10ml/50-70kg thể trọng&nbsp;</p>\r\n\r\n<p><strong>Gia cầm</strong>&nbsp; &nbsp; &nbsp; &nbsp; &nbsp; &nbsp; &nbsp; &nbsp; &nbsp; &nbsp; &nbsp; &nbsp; &nbsp;&nbsp;:<strong>1-2ml/ 1l nước</strong></p>\r\n\r\n<p>Ho&agrave; nước cho uống hoặc trộn với thức ăn li&ecirc;n tục trong suốt thời gian nu&ocirc;i gia s&uacute;c</p>\r\n\r\n<p><strong>LƯU &Yacute;:</strong>&nbsp;Kh&ocirc;ng d&ugrave;ng qu&aacute; liều quy định.</p>\r\n\r\n<p><strong>CHỐNG CHỈ ĐỊNH:</strong>&nbsp;Kh&ocirc;ng d&ugrave;ng cho th&uacute; mẫn cảm với th&agrave;nh phần của thuốc.</p>\r\n\r\n<p><strong>BẢO QUẢN:</strong>&nbsp;Nơi kh&ocirc; tho&aacute;ng, nhiệt độ kh&ocirc;ng qu&aacute; 30&deg;C.</p>\r\n', 0, '2025-11-12 15:12:02', NULL),
(15, 7, 'SIÊU MEN VIT', 'sieu-men-vit', 'MEN TIÊU HOÁ CAO CẤP, KÍCH THÍCH TIÊU HOÁ TĂNG, HẤP THỤ THỨC ĂN, PHÒNG NGỪA TIÊU CHẢY, PHÂN SỐNG', 0.00, NULL, '<p><strong>THUỐC UỐNG DẠNG LỎNG</strong></p>\r\n\r\n<p><strong>MEN TI&Ecirc;U HO&Aacute; CAO CẤP, K&Iacute;CH TH&Iacute;CH TI&Ecirc;U HO&Aacute; TĂNG, HẤP THỤ THỨC ĂN, PH&Ograve;NG NGỪA TI&Ecirc;U CHẢY, PH&Acirc;N SỐNG</strong></p>\r\n\r\n<p><strong>TH&Agrave;NH PHẦN:</strong>&nbsp;Bacillu, Natri, Kali v&agrave; một số th&agrave;nh phần bổ sung kh&aacute;c</p>\r\n\r\n<p><strong>C&Ocirc;NG DỤNG:</strong>&nbsp;</p>\r\n\r\n<p>K&iacute;ch th&iacute;ch ti&ecirc;u ho&aacute;, tăng tỉ lệ chuyển ho&aacute; thức ăn, tăng trọng nhanh, r&uacute;t ngắn thời gian nu&ocirc;i</p>\r\n\r\n<p>Bổ sung vi khuẩn c&oacute; lợi cho đường ti&ecirc;u ho&aacute;, c&acirc;n bằng hệ vi sinh vật đường ruột</p>\r\n\r\n<p>Kiểm so&aacute;t ti&ecirc;u chảy do E.coli, thương h&agrave;n, sưng ph&ugrave; đầu</p>\r\n\r\n<p>Tạo ph&acirc;n khu&ocirc;n, kh&ocirc;, giảm m&ugrave;i h&ocirc;i v&agrave; &ocirc; nhiễm chuồng nu&ocirc;i</p>\r\n\r\n<p>Tăng tiết sữa cho lợn n&aacute;i</p>\r\n\r\n<p>Tăng chất lượng trừng, tăng tỉ lệ ph&ocirc;i v&agrave; tỉ lệ ấp nở cao</p>\r\n\r\n<p><strong>LIỀU LƯỢNG V&Agrave; C&Aacute;CH D&Ugrave;NG:</strong></p>\r\n\r\n<p><strong>Gia cầm&nbsp;&nbsp;</strong>: 1ml/1l nước uống hoặc 100ml/80-100kg thức ăn</p>\r\n\r\n<p><strong>Gia s&uacute;c</strong>&nbsp; &nbsp;:<strong>&nbsp;2ml/1l nước uống hoặc 100ml/120-150kg thức ăn</strong></p>\r\n\r\n<p>Pha nước hoặc trộn với thức ăn</p>\r\n\r\n<p><strong>LƯU &Yacute;:</strong>&nbsp;Kh&ocirc;ng d&ugrave;ng qu&aacute; liều quy định.</p>\r\n\r\n<p><strong>CHỐNG CHỈ ĐỊNH:</strong>&nbsp;Kh&ocirc;ng d&ugrave;ng cho th&uacute; mẫn cảm với th&agrave;nh phần của thuốc.</p>\r\n\r\n<p><strong>BẢO QUẢN:</strong>&nbsp;Nơi kh&ocirc; tho&aacute;ng, nhiệt độ kh&ocirc;ng qu&aacute; 30&deg;C.</p>\r\n', 0, '2025-11-12 15:12:28', NULL),
(16, 7, 'SIÊU MỌC LÔNG BV-BIOTIN', 'sieu-moc-long-bv-biotin', 'BV-BIOTIN – SIÊU TĂNG TRỌNG, KÍCH THÍCH MỌC LÔNG, CHỐNG CẮN MỔ, VỖ BÉO, CHỐNG CÒI', 0.00, NULL, '<p><strong>DINH ĐƯỠNG DẠNG BỘT</strong></p>\r\n\r\n<p><strong>BV-BIOTIN &ndash; SI&Ecirc;U TĂNG TRỌNG, K&Iacute;CH TH&Iacute;CH MỌC L&Ocirc;NG, CHỐNG CẮN MỔ, VỖ B&Eacute;O, CHỐNG C&Ograve;I</strong></p>\r\n\r\n<p><strong>TH&Agrave;NH PHẦN:</strong>&nbsp;Vitamin B1, B2, Biotin, Vitamin B6, Kẽm, Lysine, Vitamin D3, Canxi v&agrave; một số th&agrave;nh phần kh&aacute;c</p>\r\n\r\n<p><strong>C&Ocirc;NG DỤNG:</strong>&nbsp;</p>\r\n\r\n<p>K&iacute;ch th&iacute;ch mọc l&ocirc;ng, chống cắn mổ</p>\r\n\r\n<p>Bổ sung vitamin thiết yếu v&agrave; kho&aacute;ng chất vi lượng cho gia cầm</p>\r\n\r\n<p>Vỗ b&eacute;o, chống c&ograve;i, tăng sản lượng thịt, tăng số lượng v&agrave; chất lượng trứng</p>\r\n\r\n<p>Tạo m&agrave;u v&agrave;ng đẹp cho l&ograve;ng đỏ trứng</p>\r\n\r\n<p>N&acirc;ng cao năng suất cho gia cầm sinh sản</p>\r\n\r\n<p>Trứng to, vỏ d&agrave;y, đẻ cao, k&eacute;o d&agrave;i</p>\r\n\r\n<p><strong>LIỀU LƯỢNG V&Agrave; C&Aacute;CH D&Ugrave;NG:</strong></p>\r\n\r\n<p><strong>G&agrave;, vịt, ngan, ngỗng, chim, c&uacute;t</strong>&nbsp; &nbsp; &nbsp; &nbsp; &nbsp;: 100g/100l nước hoặc 100g/50-100kg thức ăn</p>\r\n\r\n<p><strong>Lợn n&aacute;i, lợn con&nbsp;&nbsp;</strong>&nbsp; &nbsp; &nbsp; &nbsp; &nbsp; &nbsp; &nbsp; &nbsp; &nbsp; &nbsp; &nbsp; &nbsp; &nbsp; &nbsp; &nbsp; &nbsp;: 20g/20-30kg thức ăn</p>\r\n\r\n<p><strong>Tr&acirc;u, b&ograve;, d&ecirc;, cừu, b&ecirc;, ngh&eacute;</strong>&nbsp; &nbsp; &nbsp; &nbsp; &nbsp; &nbsp; &nbsp; &nbsp;:<strong>&nbsp;20g/50kg thức ăn</strong></p>\r\n\r\n<p><strong>LƯU &Yacute;:</strong>&nbsp;Kh&ocirc;ng d&ugrave;ng qu&aacute; liều quy định.</p>\r\n\r\n<p><strong>BẢO QUẢN:</strong>&nbsp;Nơi kh&ocirc; tho&aacute;ng, nhiệt độ kh&ocirc;ng qu&aacute; 30&deg;C.</p>\r\n', 0, '2025-11-12 15:13:01', NULL),
(17, 7, 'SIÊU VỖ BÉO PAKWAY-NEW', 'sieu-vo-beo-pakway-new', 'PAKWAY-NEW – BỔ SUNG AXIT AMIN, VITAMIN CHO GIA SÚC, GIA CẦM KHOẺ MẠNH, LỚN NHANH, KÍCH THÍCH TIÊU HOÁ, NÂNG CAO SỨC ĐỀ KHÁNG, TĂNG TRỌNG NHANH, CHỐNG CÒI XƯƠNG, BẠI LIỆT, NGOẠI HÌNH ĐẸP, TĂNG CHẤT LƯỢNG THỊT KHI XUẤT BÁN', 0.00, NULL, '<p><strong>DINH DƯỠNG DẠNG BỘT</strong></p>\r\n\r\n<p><strong>PAKWAY-NEW &ndash; BỔ SUNG AXIT AMIN, VITAMIN CHO GIA S&Uacute;C, GIA CẦM KHOẺ MẠNH, LỚN NHANH, K&Iacute;CH TH&Iacute;CH TI&Ecirc;U HO&Aacute;, N&Acirc;NG CAO SỨC ĐỀ KH&Aacute;NG, TĂNG TRỌNG NHANH, CHỐNG C&Ograve;I XƯƠNG, BẠI LIỆT, NGOẠI H&Igrave;NH ĐẸP, TĂNG CHẤT LƯỢNG THỊT KHI XUẤT B&Aacute;N</strong></p>\r\n\r\n<p><strong>TH&Agrave;NH PHẦN:</strong>&nbsp;Vitamin B1, B6, Natri, Cu, Lysine, Methionine v&agrave; một số th&agrave;nh phần kh&aacute;c</p>\r\n\r\n<p><strong>C&Ocirc;NG DỤNG:</strong>&nbsp;Si&ecirc;u vỗ b&eacute;o ở gia cầm. Ngăn ngừa c&ograve;i cọc, chậm lớn, ph&ograve;ng chống bại liệt ở gia s&uacute;c. Tăng cường n&acirc;ng cao sức đề kh&aacute;ng ở vật nu&ocirc;i.</p>\r\n\r\n<p><strong>LIỀU LƯỢNG V&Agrave; C&Aacute;CH D&Ugrave;NG:</strong></p>\r\n\r\n<p><strong>G&agrave;, vịt, chim, c&uacute;t, ngan</strong>&nbsp; &nbsp; &nbsp; &nbsp; &nbsp;: 1g/2l nước uống hoặc 100g/1 tấn thể trọng</p>\r\n\r\n<p><strong>Lợn v&agrave; gia s&uacute;c</strong>&nbsp; &nbsp; : 100g/2 tấn thể trọng hoặc 100g/25kg thức ăn</p>\r\n\r\n<p><strong>LƯU &Yacute;:</strong>&nbsp;Kh&ocirc;ng d&ugrave;ng qu&aacute; liều quy định.</p>\r\n\r\n<p><strong>BẢO QUẢN:</strong>&nbsp;Nơi kh&ocirc; tho&aacute;ng, nhiệt độ kh&ocirc;ng qu&aacute; 30&deg;C.</p>\r\n', 0, '2025-11-12 15:13:33', NULL),
(18, 7, 'SORBITOL COMPLEX', 'sorbitol-complex', 'SORBITOL COMPLEX – GIÚP BỔ GAN, LỢI MẬT, TĂNG TÍNH THÈM ĂN, TĂNG KHẢ NĂNG TIÊU HOÁ, GIÚP VẬT NUÔI ĂN NHIỀU, MAU LỚN. GIÚP TĂNG CHỨC NĂNG GIẢI ĐỘC CỦA GAN, GIÚP GIẢM NGỘ ĐỘC DO ĐỘC TỐ CỦA NẤM MỐC', 0.00, NULL, '<p><strong>DINH DƯỠNG DẠNG BỘT</strong></p>\r\n\r\n<p><strong>SORBITOL COMPLEX &ndash; GI&Uacute;P BỔ GAN, LỢI MẬT, TĂNG T&Iacute;NH TH&Egrave;M ĂN, TĂNG KHẢ NĂNG TI&Ecirc;U HO&Aacute;, GI&Uacute;P VẬT NU&Ocirc;I ĂN NHIỀU, MAU LỚN. GI&Uacute;P TĂNG CHỨC NĂNG GIẢI ĐỘC CỦA GAN, GI&Uacute;P GIẢM NGỘ ĐỘC DO ĐỘC TỐ CỦA NẤM MỐC</strong></p>\r\n\r\n<p><strong>TH&Agrave;NH PHẦN:</strong>&nbsp;Sorbitol, Vitamin B1, B2, B6 v&agrave; một số th&agrave;nh phần kh&aacute;c</p>\r\n\r\n<p><strong>C&Ocirc;NG DỤNG:</strong>&nbsp;Tăng cường chức năng giải độc, tiết mật, ngừa chứng kh&oacute; ti&ecirc;u, t&aacute;o b&oacute;n, ph&acirc;n sống. K&iacute;ch th&iacute;ch th&egrave;m ăn, tổng hợp protein gi&uacute;p gia s&uacute;c, gia cầm mau lớn, đẻ nhiều</p>\r\n\r\n<p><strong>LIỀU LƯỢNG V&Agrave; C&Aacute;CH D&Ugrave;NG:</strong></p>\r\n\r\n<p><strong>G&agrave;, vịt, ngan, ngỗng, thỏ, c&uacute;t, bồ c&acirc;u</strong>&nbsp; &nbsp; &nbsp; &nbsp; &nbsp;: 1g/1l nước hoặc 1kg/300-400kg thức ăn</p>\r\n\r\n<p><strong>Heo, d&ecirc;, cừu, b&ecirc;, ngh&eacute;&nbsp;</strong>&nbsp; &nbsp; &nbsp; &nbsp; &nbsp; &nbsp; &nbsp; &nbsp; &nbsp; &nbsp; &nbsp; &nbsp; &nbsp; &nbsp; &nbsp; &nbsp; &nbsp;: 1g/2l nước hoặc 1.5kg/1 tấn thức ăn</p>\r\n\r\n<p><strong>Tr&acirc;u, b&ograve;, ngựa</strong>&nbsp; &nbsp; &nbsp; &nbsp; &nbsp; &nbsp; &nbsp; &nbsp; &nbsp; &nbsp; &nbsp; &nbsp; &nbsp; &nbsp; &nbsp; &nbsp; &nbsp; &nbsp; &nbsp; &nbsp; &nbsp; &nbsp; &nbsp; &nbsp;&nbsp;:<strong>&nbsp;1g/5l nước hoặc 1kg/1 tấn thức ăn</strong></p>\r\n\r\n<p><strong>LƯU &Yacute;:</strong>&nbsp;Kh&ocirc;ng d&ugrave;ng qu&aacute; liều quy định.</p>\r\n\r\n<p><strong>BẢO QUẢN:</strong>&nbsp;Nơi kh&ocirc; tho&aacute;ng, nhiệt độ kh&ocirc;ng qu&aacute; 30&deg;C.</p>\r\n', 0, '2025-11-12 15:19:13', NULL),
(19, 7, 'SORBITOL KHOÁNG NƯỚC', 'sorbitol-khoang-nuoc', 'SORBITOL KHOÁNG NƯỚC – GIẢI ĐỘC, MÁT GAN, TIÊU HOÁ TỐT, KÍCH THÍCH THÈM ĂN, TĂNG CƯỜNG HỆ MIỄN DỊCH', 0.00, NULL, '<p><strong>THUỐC UỐNG DẠNG LỎNG</strong></p>\r\n\r\n<p><strong>SORBITOL KHO&Aacute;NG NƯỚC &ndash; GIẢI ĐỘC, M&Aacute;T GAN, TI&Ecirc;U HO&Aacute; TỐT, K&Iacute;CH TH&Iacute;CH TH&Egrave;M ĂN, TĂNG CƯỜNG HỆ MIỄN DỊCH</strong></p>\r\n\r\n<p><strong>TH&Agrave;NH PHẦN:</strong>&nbsp;Sorbitol, Natri, Cu v&agrave; một số th&agrave;nh phần bổ sung kh&aacute;c</p>\r\n\r\n<p><strong>C&Ocirc;NG DỤNG:</strong>&nbsp;</p>\r\n\r\n<p>Tăng cường chức năng giải độc, tiết mật ở gia s&uacute;c, gia cầm, ph&ograve;ng ngừa chứng kh&oacute; ti&ecirc;u, t&aacute;o b&oacute;n, ph&acirc;n sống, ngộ độc thức ăn</p>\r\n\r\n<p>K&iacute;ch th&iacute;ch th&egrave;m ăn, n&acirc;ng cao hiệu quả sử dụng thức ăn, tổng hợp protein cho gia s&uacute;c, gia cầm mau lớn, đẻ nhiều</p>\r\n\r\n<p>T&aacute;i tạo tế b&agrave;o gan, phục hồi sức khoẻ v&agrave; tăng cường hệ miễn dịch ở gia s&uacute;c, gia cầm</p>\r\n\r\n<p><strong>LIỀU LƯỢNG V&Agrave; C&Aacute;CH D&Ugrave;NG:</strong></p>\r\n\r\n<p><strong>Tr&acirc;u, b&ograve;, d&ecirc;, cừu, heo</strong>&nbsp; &nbsp; &nbsp; :1ml/10-15kg thể trọng</p>\r\n\r\n<p><strong>Gia cầm</strong>&nbsp; &nbsp; &nbsp; &nbsp; &nbsp; &nbsp; &nbsp; &nbsp; &nbsp; &nbsp; &nbsp; &nbsp; &nbsp; &nbsp; &nbsp;&nbsp;:<strong>1ml/2l nước</strong></p>\r\n\r\n<p>Ho&agrave; nước cho uống hoặc trộn với thức ăn</p>\r\n\r\n<p><strong>LƯU &Yacute;:</strong>&nbsp;Kh&ocirc;ng d&ugrave;ng qu&aacute; liều quy định.</p>\r\n\r\n<p><strong>CHỐNG CHỈ ĐỊNH:</strong>&nbsp;Kh&ocirc;ng d&ugrave;ng cho th&uacute; mẫn cảm với th&agrave;nh phần của thuốc.</p>\r\n\r\n<p><strong>BẢO QUẢN:</strong>&nbsp;Nơi kh&ocirc; tho&aacute;ng, nhiệt độ kh&ocirc;ng qu&aacute; 30&deg;C.</p>\r\n', 0, '2025-11-12 15:19:43', NULL),
(20, 7, 'SORBITOL-VIT', 'sorbitol-vit', 'SORBITOL-VIT – GIÚP TĂNG CƯỜNG KHẢ NĂNG CHỐNG CHỊU BỆNH TẬT CHO GIA SÚC, GIA CẦM. GIÚP TĂNG CƯỜNG SỨC ĐỀ KHÁNG, TĂNG CƯỜNG HẤP THỤ THỨC ĂN, TIÊU HOÁ TỐT', 0.00, NULL, '<p><strong>DINH DƯỠNG DẠNG BỘT</strong></p>\r\n\r\n<p><strong>SORBITOL-VIT &ndash; GI&Uacute;P TĂNG CƯỜNG KHẢ NĂNG CHỐNG CHỊU BỆNH TẬT CHO GIA S&Uacute;C, GIA CẦM. GI&Uacute;P TĂNG CƯỜNG SỨC ĐỀ KH&Aacute;NG, TĂNG CƯỜNG HẤP THỤ THỨC ĂN, TI&Ecirc;U HO&Aacute; TỐT</strong></p>\r\n\r\n<p><strong>TH&Agrave;NH PHẦN:</strong>&nbsp;Sorbitol, Vitamin B1, B2, B6 v&agrave; một số th&agrave;nh phần bổ sung kh&aacute;c</p>\r\n\r\n<p><strong>C&Ocirc;NG DỤNG:</strong>&nbsp;Tăng cường chức năng giải độc, tiết mật ở gia s&uacute;c, gia cầm, ph&ograve;ng ngừa chứng kh&oacute; ti&ecirc;u, t&aacute;o b&oacute;n, ph&acirc;n sống, ngộ độc thức ăn</p>\r\n\r\n<p><strong>LIỀU LƯỢNG V&Agrave; C&Aacute;CH D&Ugrave;NG:</strong></p>\r\n\r\n<p><strong>G&agrave;, vịt, ngan, ngỗng, thỏ, c&uacute;t, bồ c&acirc;u</strong>&nbsp; &nbsp; &nbsp; &nbsp; : 1g/1l nước uống hoặc 1kg/300-400kg thức ăn</p>\r\n\r\n<p><strong>Heo, d&ecirc;, cừu, b&ecirc;, ngh&eacute;&nbsp;</strong>&nbsp; &nbsp; &nbsp; &nbsp; &nbsp; &nbsp; &nbsp; &nbsp; &nbsp; &nbsp; &nbsp; &nbsp; &nbsp; &nbsp; &nbsp; &nbsp; : 1g/2l nước uống hoặc 1.5kg/1 tấn thức ăn.&nbsp;</p>\r\n\r\n<p><strong>Tr&acirc;u, b&ograve;, ngựa</strong>&nbsp; &nbsp; &nbsp; &nbsp; &nbsp; &nbsp; &nbsp; &nbsp; &nbsp; &nbsp; &nbsp; &nbsp; &nbsp; &nbsp; &nbsp; &nbsp; &nbsp; &nbsp; &nbsp; &nbsp; &nbsp; &nbsp; &nbsp; &nbsp;:<strong>&nbsp;1g/5l nước uống hoặc 1kg/1 tấn thức ăn</strong></p>\r\n\r\n<p><strong>LƯU &Yacute;:</strong>&nbsp;Kh&ocirc;ng d&ugrave;ng qu&aacute; liều quy định.</p>\r\n\r\n<p><strong>BẢO QUẢN:</strong>&nbsp;Nơi kh&ocirc; tho&aacute;ng, nhiệt độ kh&ocirc;ng qu&aacute; 30&deg;C.</p>\r\n', 0, '2025-11-12 15:20:09', NULL),
(21, 7, 'TĂNG KHUNG XƯƠNG POLYVET', 'tang-khung-xuong-polyvet', 'DINH DƯỠNG DẠNG BỘT\r\nPOLYVET – CHỐNG CÒI, VỖ BÉO, MƯỢN LÔNG, ĐẸP MÃ', 0.00, NULL, '<p><strong>DINH DƯỠNG DẠNG BỘT</strong></p>\r\n\r\n<p><strong>POLYVET &ndash; CHỐNG C&Ograve;I, VỖ B&Eacute;O, MƯỢN L&Ocirc;NG, ĐẸP M&Atilde;</strong></p>\r\n\r\n<p><strong>TH&Agrave;NH PHẦN:</strong>&nbsp;Vitamin C, B1, B2, B6, D3, Kẽm, L-Lysine, Canxi v&agrave; một số th&agrave;nh phần kh&aacute;c</p>\r\n\r\n<p><strong>C&Ocirc;NG DỤNG:</strong>&nbsp;N&acirc;ng cao sức đề kh&aacute;ng v&agrave; tăng cường hệ miễn dịch. Ph&ograve;ng bại liệt, c&ograve;i xương, mềm xương, xốp xương, khớp sưng to, gia cầm chậm lớn, ch&acirc;n kh&ocirc;, nứt m&oacute;ng. K&iacute;ch th&iacute;ch mọc l&ocirc;ng, chống cắn mổ</p>\r\n\r\n<p><strong>LIỀU LƯỢNG V&Agrave; C&Aacute;CH D&Ugrave;NG:</strong></p>\r\n\r\n<p><strong>G&agrave;, vịt, chim, c&uacute;t, ngan, ngỗng</strong>&nbsp; &nbsp; &nbsp; &nbsp; : 100g/100l nước hoặc 100g/100-150kg thức ăn</p>\r\n\r\n<p><strong>Lợn, tr&acirc;u, b&ograve;, d&ecirc;, cừu&nbsp;</strong>&nbsp;&nbsp; &nbsp;: 100g/100-200kg thức ăn</p>\r\n\r\n<p>Ho&agrave; với nước hoặc trộn với thức ăn</p>\r\n\r\n<p><strong>LƯU &Yacute;:</strong>&nbsp;Kh&ocirc;ng d&ugrave;ng qu&aacute; liều quy định.</p>\r\n\r\n<p><strong>BẢO QUẢN:</strong>&nbsp;Nơi kh&ocirc; tho&aacute;ng, nhiệt độ kh&ocirc;ng qu&aacute; 30&deg;C.</p>\r\n', 0, '2025-11-12 15:23:58', NULL),
(22, 7, 'TĂNG LỰC BUTAMIN', 'tang-luc-butamin', 'DUNG DỊCH TIÊM\r\nBUTAMIN – TRỢ LỰC CẤP TỐC, TĂNG CƯỜNG TRAO ĐỔI CHẤT, PHỤC HỒI SỨC KHOẺ NHANH', 0.00, NULL, '<p><strong>DUNG DỊCH TI&Ecirc;M</strong></p>\r\n\r\n<p><strong>BUTAMIN &ndash; TRỢ LỰC CẤP TỐC, TĂNG CƯỜNG TRAO ĐỔI CHẤT, PHỤC HỒI SỨC KHOẺ NHANH</strong></p>\r\n\r\n<p><strong>TH&Agrave;NH PHẦN:</strong>&nbsp;Butaphosphan, Folic Acid, Vitamin B12 &amp; T&aacute; dược độc quyền</p>\r\n\r\n<p><strong>C&Ocirc;NG DỤNG:</strong>&nbsp;Trị rối loạn chguyển ho&aacute; do trao đỏi chất, dinh dưỡng k&eacute;m, chậm ph&aacute;t triển, tăng cường sức đề kh&aacute;ng tr&ecirc;n tr&acirc;u, b&ograve;, gnựa, cừu, lợn v&agrave; ch&oacute;</p>\r\n\r\n<p><strong>LIỀU LƯỢNG V&Agrave; C&Aacute;CH D&Ugrave;NG:</strong></p>\r\n\r\n<p><strong>Tr&acirc;u, b&ograve;</strong>&nbsp; &nbsp; &nbsp; &nbsp; &nbsp; &nbsp; &nbsp; &nbsp; &nbsp; &nbsp; &nbsp; &nbsp;: 1ml/25-30kg thể trọng/ng&agrave;y</p>\r\n\r\n<p><strong>Lợn, cừu, d&ecirc;</strong>&nbsp; &nbsp; &nbsp; &nbsp; &nbsp; &nbsp; &nbsp; &nbsp;: 1ml/10-20kg thể trọng/ng&agrave;y</p>\r\n\r\n<p><strong>Gia cầm&nbsp;</strong>&nbsp; &nbsp; &nbsp; &nbsp; &nbsp; &nbsp; &nbsp; &nbsp; &nbsp; &nbsp; &nbsp; : 1ml/3-5kg thể trọng/ng&agrave;y</p>\r\n\r\n<p><strong>LƯU &Yacute;:</strong>&nbsp;Kh&ocirc;ng d&ugrave;ng qu&aacute; liều quy định.</p>\r\n\r\n<p><strong>CHỐNG CHỈ ĐỊNH:</strong>&nbsp;Kh&ocirc;ng d&ugrave;ng cho th&uacute; mẫn cảm với th&agrave;nh phần của thuốc.</p>\r\n\r\n<p><strong>BẢO QUẢN:</strong>&nbsp;Nơi kh&ocirc; tho&aacute;ng, nhiệt độ kh&ocirc;ng qu&aacute; 30&deg;C.</p>\r\n', 0, '2025-11-12 15:24:36', NULL),
(23, 7, 'W-PHAGE', 'w-phage', 'DẠNG LỎNG – SẢN PHẨM THUỘC BỘ W-PHAGE\r\nW-PHAGE – BẮT KHUẨN E.COLI, SALMONELLA, CLOSTRIDIUM', 0.00, NULL, '<p><strong>DẠNG LỎNG &ndash; SẢN PHẨM THUỘC&nbsp;<a href=\"https://winpharma.com.vn/product/bo-w-phage/\">BỘ W-PHAGE</a></strong></p>\r\n\r\n<p><strong>W-PHAGE &ndash; BẮT KHUẨN E.COLI, SALMONELLA, CLOSTRIDIUM</strong></p>\r\n\r\n<p><strong>TH&Agrave;NH PHẦN:&nbsp;</strong>&nbsp;Bacillus spp&nbsp; &amp; Th&agrave;nh phần bổ sung 5 chủng thực khuẩnh thể (bacteriophase) đặc hiệu.</p>\r\n\r\n<p><strong>C&Ocirc;NG DỤNG</strong>:&nbsp;</p>\r\n\r\n<p>Th&acirc;m nhập v&agrave; ăn hết c&aacute;c vi khuẩn l&agrave; E.coli, Salmonella, Clostridium,&hellip; đường ruột</p>\r\n\r\n<p>Tăng sức khoẻ đường ruột, sản sinh vi khuẩn c&oacute; lợi</p>\r\n\r\n<p>Tăng hấp thu thức ăn triệt để, giảm FCR</p>\r\n\r\n<p>Sử dụng ở tất cả c&aacute;c giai đoạn của vật nu&ocirc;i</p>\r\n\r\n<p><strong>LIỀU D&Ugrave;NG V&Agrave; C&Aacute;CH D&Ugrave;NG</strong>:</p>\r\n\r\n<p>Lắc đều trước khi sử dụng.</p>\r\n\r\n<p>Ph&ograve;ng bệnh: 1ml pha với 2 l&iacute;t nước</p>\r\n\r\n<p>Vật nu&ocirc;i non: D&ugrave;ng li&ecirc;n tục 7 ng&agrave;y, sau 15 ng&agrave;y sử dụng li&ecirc;n tục 2 ng&agrave;y/lần</p>\r\n\r\n<p>G&agrave; đẻ lần đầu: D&ugrave;ng li&ecirc;n tục 7 ng&agrave;y, sau đ&oacute; định kỳ 2 lần/tuần</p>\r\n\r\n<p>Heo: D&ugrave;ng li&ecirc;n tục 5 ng&agrave;y, sau đ&oacute; định kỳ 1 lần/1 tuần</p>\r\n\r\n<p><strong>BẢO QUẢN:</strong>&nbsp;Nơi kh&ocirc; r&aacute;o, tho&aacute;ng m&aacute;t, tr&aacute;nh &aacute;nh s&aacute;ng trực tiếp, nhiệt độ kh&ocirc;ng qu&aacute; 30&deg;C.</p>\r\n\r\n<p><strong>LƯU &Yacute;</strong>: Cần bổ sung phage thường xuy&ecirc;n đ&uacute;ng theo định kỳ.</p>\r\n', 0, '2025-11-12 15:25:14', NULL),
(24, 7, 'WIN MAX ORAL', 'win-max-oral', 'WIN MAX ORAL – BỔ GAN GIẢN ĐỘC, TĂNG CƯỜNG SỨC ĐỀ  KHÁNG, KÍCH THÍCH TIÊU HOÁ GIÚP VẬT NUÔI MAU LỚN', 0.00, NULL, '<p><strong>THUỐC UỐNG DẠNG LỎNG</strong></p>\r\n\r\n<p><strong>WIN MAX ORAL &ndash; BỔ GAN GIẢN ĐỘC,&nbsp;</strong><strong>TĂNG CƯỜNG SỨC ĐỀ&nbsp; KH&Aacute;NG,&nbsp;</strong><strong>K&Iacute;CH TH&Iacute;CH TI&Ecirc;U HO&Aacute; GI&Uacute;P VẬT NU&Ocirc;I MAU LỚN</strong></p>\r\n\r\n<p><strong>TH&Agrave;NH PHẦN:</strong></p>\r\n\r\n<p>Sorbitol (Min: 180.000mg), Lysine (Min: 1.400mg), Bổ sung vitamin, kho&aacute;ng v&agrave; probiotic, Bổ sung enzyme, Th&agrave;nh phần thảo dược</p>\r\n\r\n<p><em>Kh&ocirc;ng chứa kh&aacute;ng sinh, hoocmon v&agrave; c&aacute;c chất độc hại.</em></p>\r\n\r\n<p><strong>C&Ocirc;NG DỤNG:</strong>&nbsp;Bổ sung axit amin bồi bổ cơ thể, tăng cường chuyển ho&aacute;, n&acirc;ng cao sức đề kh&aacute;ng. Hỗ trợ chức năng gan thận, k&iacute;ch th&iacute;ch ti&ecirc;u ho&aacute;, giải độc tố gan, thận bị nhiễm độc tố khi d&ugrave;ng kh&aacute;ng sinh l&acirc;u ng&agrave;y. K&iacute;ch th&iacute;ch ti&ecirc;u ho&aacute; hạn chế mổ l&ocirc;ng, cắn đu&ocirc;i, rụng l&ocirc;ng.</p>\r\n\r\n<p><strong>LIỀU LƯỢNG V&Agrave; C&Aacute;CH D&Ugrave;NG:</strong></p>\r\n\r\n<p><strong>Gia cầm</strong>&nbsp; &nbsp; &nbsp; &nbsp; &nbsp; &nbsp; &nbsp; &nbsp; &nbsp; &nbsp; &nbsp; &nbsp; &nbsp; &nbsp; &nbsp;: 1ml/1 l&iacute;t nước uống/ng&agrave;y</p>\r\n\r\n<p><strong>Heo, tr&acirc;u, b&ograve;, d&ecirc;, cừu&nbsp;&nbsp;</strong>&nbsp;&nbsp; &nbsp;: 1ml/7-10kg thể trọng/ng&agrave;y&nbsp;</p>\r\n\r\n<p>Ho&agrave; nước cho uống hoặc trộn với thức ăn. Sử dụng li&ecirc;n tục trong suốt thời gian nu&ocirc;i gia s&uacute;c gia cầm.</p>\r\n\r\n<p><strong>LƯU &Yacute;:</strong>&nbsp;Kh&ocirc;ng d&ugrave;ng qu&aacute; liều quy định.</p>\r\n\r\n<p><strong>BẢO QUẢN:</strong>&nbsp;Nơi kh&ocirc; r&aacute;o, tho&aacute;ng m&aacute;t, tr&aacute;nh &aacute;nh s&aacute;ng trực tiếp, nhiệt độ kh&ocirc;ng qu&aacute; 30&deg;C.</p>\r\n\r\n<p><strong>HSD</strong>: 2 năm kể từ ng&agrave;y sản xuất.</p>\r\n', 0, '2025-11-12 15:25:42', NULL),
(25, 7, 'WIN-SẮT B12', 'win-sat-b12', 'WIN-SẮT B12 – TRỊ VÀ PHÒNG NGỪA THIẾU MÁU DO THIẾU SẮT TRÊN BÊ VÀ LỢN CON', 0.00, NULL, '<p><strong>DUNG DỊCH TI&Ecirc;M</strong></p>\r\n\r\n<p><strong>WIN-SẮT B12 &ndash; TRỊ V&Agrave; PH&Ograve;NG NGỪA THIẾU M&Aacute;U DO THIẾU SẮT TR&Ecirc;N B&Ecirc; V&Agrave; LỢN CON</strong></p>\r\n\r\n<p><strong>TH&Agrave;NH PHẦN:</strong>&nbsp;Fer.dextran, Vitamin B12 &amp; T&aacute; dược độc quyền</p>\r\n\r\n<p><strong>C&Ocirc;NG DỤNG:</strong>&nbsp;Trị v&agrave; ph&ograve;ng thiếu m&aacute;u do thiếu sắt tr&ecirc;n b&ecirc; v&agrave; lợn con</p>\r\n\r\n<p><strong>LIỀU LƯỢNG V&Agrave; C&Aacute;CH D&Ugrave;NG:</strong></p>\r\n\r\n<p><strong>Lợn con</strong>&nbsp; &nbsp; &nbsp; &nbsp; &nbsp; &nbsp; &nbsp; &nbsp;: Ph&ograve;ng bệnh: 1-2ml/con; Chữa bệnh: 2-3ml/con</p>\r\n\r\n<p><strong>Lợn n&aacute;i</strong>&nbsp; &nbsp; &nbsp; &nbsp; &nbsp; &nbsp; &nbsp; &nbsp; : 3ml/con</p>\r\n\r\n<p><strong>D&ecirc; con&nbsp;</strong>&nbsp; &nbsp; &nbsp; &nbsp; &nbsp; &nbsp; &nbsp; &nbsp; : 2-3ml/con</p>\r\n\r\n<p><strong>B&ecirc;, ngh&eacute;, ngựa</strong>&nbsp; &nbsp;: 8-12ml/con</p>\r\n\r\n<p><strong>Ch&oacute;, m&egrave;o</strong>&nbsp; &nbsp; &nbsp; &nbsp; &nbsp; &nbsp; &nbsp;: 0.5-2ml/con</p>\r\n\r\n<p><strong>LƯU &Yacute;:</strong>&nbsp;Kh&ocirc;ng d&ugrave;ng qu&aacute; liều quy định.</p>\r\n\r\n<p><strong>CHỐNG CHỈ ĐỊNH:</strong>&nbsp;Kh&ocirc;ng d&ugrave;ng cho th&uacute; mẫn cảm với th&agrave;nh phần của thuốc.</p>\r\n\r\n<p><strong>BẢO QUẢN:</strong>&nbsp;Nơi kh&ocirc; tho&aacute;ng, nhiệt độ kh&ocirc;ng qu&aacute; 30&deg;C.</p>\r\n', 0, '2025-11-12 15:26:16', NULL),
(26, 7, 'XỬ LÝ CÒI CỌC MULTIVITA-AMIN', 'xu-ly-coi-coc-multivita-amin', 'MULTIVITA-AMIN – CUNG CẤP VITAMIN VÀ AXIT AMIN GIÚP CHO GIA SÚC, GIA CẦM THÈM ĂN, ĂN NHIỀU, TIÊU HOÁ TỐT, TĂNG TRỌNG NHANH, GIÚP XƯƠNG CHẮC KHOẺ, VỎ TRỨNG DÀY', 0.00, NULL, '<p><strong>DINH DƯỠNG DẠNG BỘT</strong></p>\r\n\r\n<p><strong>MULTIVITA-AMIN &ndash; CUNG CẤP VITAMIN V&Agrave; AXIT AMIN GI&Uacute;P CHO GIA S&Uacute;C, GIA CẦM TH&Egrave;M ĂN, ĂN NHIỀU, TI&Ecirc;U HO&Aacute; TỐT, TĂNG TRỌNG NHANH, GI&Uacute;P XƯƠNG CHẮC KHOẺ, VỎ TRỨNG D&Agrave;Y</strong></p>\r\n\r\n<p><strong>TH&Agrave;NH PHẦN:</strong>&nbsp;Vitamin B1, C, Lysine, Vitamin B6, Methionine v&agrave; một số th&agrave;nh phần kh&aacute;c</p>\r\n\r\n<p><strong>C&Ocirc;NG DỤNG:</strong>&nbsp;Tăng sức đề kh&aacute;ng, chống c&ograve;i cọc, chậm lớn, k&iacute;ch th&iacute;ch t&iacute;nh th&egrave;m ăn, tăng trọng nhanh, mau phục hồi sức khoẻ sau khi bệnh</p>\r\n\r\n<p><strong>LIỀU LƯỢNG V&Agrave; C&Aacute;CH D&Ugrave;NG:</strong></p>\r\n\r\n<p><strong>G&agrave;, vịt, chim, ngan, ngỗng</strong>&nbsp; &nbsp; &nbsp; &nbsp; &nbsp;: 1g/1-2l nước hoặc 100g/50kg thức ăn</p>\r\n\r\n<p><strong>Lợn, tr&acirc;u, b&ograve;</strong>&nbsp; &nbsp; : 100g/80-100l nước hoặc 100g/100-150kg thức ăn</p>\r\n\r\n<p><strong>LƯU &Yacute;:</strong>&nbsp;Kh&ocirc;ng d&ugrave;ng qu&aacute; liều quy định.</p>\r\n\r\n<p><strong>BẢO QUẢN:</strong>&nbsp;Nơi kh&ocirc; tho&aacute;ng, nhiệt độ kh&ocirc;ng qu&aacute; 30&deg;C.</p>\r\n', 0, '2025-11-12 15:26:50', NULL),
(27, 8, 'AMMOXCLANIC', 'ammoxclanic', 'AMMOXCLANIC – ĐẶC TRỊ VIÊM DA, NHIỄM TRÙNG ĐƯỜNG HÔ HẤP, NHIỄM TRÙNG ĐƯỜNG TIẾT NIỆU, NHIỄM TRÙNG DA VÀ MÔ MỀM', 0.00, NULL, '<p><strong>HỖN DỊCH TI&Ecirc;M</strong></p>\r\n\r\n<p><strong>AMMOXCLANIC &ndash; ĐẶC TRỊ VI&Ecirc;M DA, NHIỄM TR&Ugrave;NG ĐƯỜNG H&Ocirc; HẤP, NHIỄM TR&Ugrave;NG ĐƯỜNG TIẾT NIỆU, NHIỄM TR&Ugrave;NG DA V&Agrave; M&Ocirc; MỀM</strong></p>\r\n\r\n<p><strong>TH&Agrave;NH PHẦN:</strong>&nbsp;Amoxicilin, Clavulanic Acid &amp; T&aacute; dược độc quyền</p>\r\n\r\n<p><strong>C&Ocirc;NG DỤNG:</strong>&nbsp;Trị vi&ecirc;m da, nhiễm tr&ugrave;ng đường h&ocirc; hấp, tiết niệu, nhiễm tr&ugrave;ng da v&agrave; m&ocirc; mềm tr&ecirc;n tr&acirc;u, b&ograve;, lợn, gia cầm, ch&oacute;</p>\r\n\r\n<p><strong>LIỀU LƯỢNG V&Agrave; C&Aacute;CH D&Ugrave;NG:&nbsp;</strong></p>\r\n\r\n<p><strong>Lợn, gia s&uacute;c</strong>&nbsp; &nbsp; : 1ml/20kg thể trọng</p>\r\n\r\n<p><strong>Ch&oacute; m&egrave;o</strong>&nbsp; &nbsp; &nbsp; &nbsp; &nbsp; : 1ml/5-7kg thể trọng</p>\r\n\r\n<p><strong>LƯU &Yacute;:</strong>&nbsp;Kh&ocirc;ng d&ugrave;ng qu&aacute; liều quy định.</p>\r\n\r\n<p><strong>CHỐNG CHỈ ĐỊNH:</strong>&nbsp;Kh&ocirc;ng d&ugrave;ng cho th&uacute; mẫn cảm với th&agrave;nh phần của thuốc.</p>\r\n\r\n<p><strong>THỜI GIAN NGỪNG SỬ DỤNG THUỐC</strong>: 7 ng&agrave;y trước khi giết mổ</p>\r\n\r\n<p><strong>BẢO QUẢN:</strong>&nbsp;Nơi kh&ocirc; tho&aacute;ng, nhiệt độ kh&ocirc;ng qu&aacute; 30&deg;C.</p>\r\n', 0, '2025-11-12 15:28:00', NULL),
(28, 8, 'AMMOXGENX', 'ammoxgenx', 'AMMOXGENX – CHỮA NHIỄM TRÙNG ĐƯỜNG TIÊU HOÁ, HÔ HẤP VÀ NHIỄM TRÙNG NỘI TUỶ, VIÊM RUỘT DO VI KHUẨN', 0.00, NULL, '<p><strong>HỖN DỊCH TI&Ecirc;M</strong></p>\r\n\r\n<p><strong>AMMOXGENX &ndash; CHỮA NHIỄM TR&Ugrave;NG ĐƯỜNG TI&Ecirc;U HO&Aacute;, H&Ocirc; HẤP V&Agrave; NHIỄM TR&Ugrave;NG NỘI TUỶ, VI&Ecirc;M RUỘT DO VI KHUẨN</strong></p>\r\n\r\n<p><strong>TH&Agrave;NH PHẦN:</strong>&nbsp;Amoxicilin trihydrat, Gentamycin &amp; T&aacute; dược độc quyền</p>\r\n\r\n<p><strong>C&Ocirc;NG DỤNG:</strong>&nbsp;Trị nhiễm tr&ugrave;ng đường ti&ecirc;u ho&aacute;, h&ocirc; hấp v&agrave; nhiễm tr&ugrave;ng nội tuỷ, vi&ecirc;m v&uacute;, vi&ecirc;m tử cung, &aacute;p xe da tr&ecirc;n tr&acirc;u, b&ograve;, lợn</p>\r\n\r\n<p><strong>LIỀU LƯỢNG V&Agrave; C&Aacute;CH D&Ugrave;NG:&nbsp;</strong></p>\r\n\r\n<p><strong>Gia s&uacute;c lớn</strong>&nbsp; &nbsp; &nbsp; &nbsp; &nbsp; &nbsp;: 1ml/10kg thể trọng</p>\r\n\r\n<p><strong>Gia s&uacute;c nhỏ</strong>&nbsp; &nbsp; &nbsp; &nbsp; &nbsp; : 1ml/7kg thể trọng</p>\r\n\r\n<p><strong>LƯU &Yacute;:</strong>&nbsp;Kh&ocirc;ng d&ugrave;ng qu&aacute; liều quy định.</p>\r\n\r\n<p><strong>CHỐNG CHỈ ĐỊNH:</strong>&nbsp;Kh&ocirc;ng d&ugrave;ng cho th&uacute; mẫn cảm với th&agrave;nh phần của thuốc.</p>\r\n\r\n<p><strong>THỜI GIAN NGỪNG SỬ DỤNG THUỐC</strong>: 7 ng&agrave;y trước khi giết mổ</p>\r\n\r\n<p><strong>BẢO QUẢN:</strong>&nbsp;Nơi kh&ocirc; tho&aacute;ng, nhiệt độ kh&ocirc;ng qu&aacute; 30&deg;C.</p>\r\n', 0, '2025-11-12 15:28:30', NULL);
INSERT INTO `products` (`id`, `category_id`, `title`, `slug`, `short_description`, `price`, `promo_price`, `description`, `display_order`, `created_at`, `updated_at`) VALUES
(29, 8, 'AMOCICOL 200W', 'amocicol-200w', 'AMOCICOL 200W – ĐẶC TRỊ TIÊU CHẢY, HEN, SƯNG PHÙ ĐẦU, VIÊM RUỘT HOẠI TỬ, TỤ HUYẾT TRÙNG, E.COLI, BẠCH LỴ, VIÊM TIẾT NIỆU', 0.00, NULL, '<p><strong>THUỐC BỘT</strong></p>\r\n\r\n<p><strong>AMOCICOL 200W &ndash; ĐẶC TRỊ TI&Ecirc;U CHẢY, HEN, SƯNG PH&Ugrave; ĐẦU, VI&Ecirc;M RUỘT HOẠI TỬ, TỤ HUYẾT TR&Ugrave;NG, E.COLI, BẠCH LỴ, VI&Ecirc;M TIẾT NIỆU</strong></p>\r\n\r\n<p><strong>TH&Agrave;NH PHẦN:&nbsp;</strong>&nbsp;Amoxicilin trihydrate, Colistin sulfate &amp; T&aacute; dược độc quyền.</p>\r\n\r\n<p><strong>C&Ocirc;NG DỤNG</strong>:&nbsp;Trị nhiễm tr&ugrave;ng đường h&ocirc; hấp, ti&ecirc;u ho&aacute;, tiết niệu tr&ecirc;n b&ecirc;, ngh&eacute;, d&ecirc;, gia cầm, cừu, lợn.</p>\r\n\r\n<p><strong>CHỈ ĐỊNH CỦA BSTY</strong>:</p>\r\n\r\n<p>Heo v&agrave; gia s&uacute;c kh&aacute;c: Ph&ograve;ng v&agrave; trị bệnh vi&ecirc;m phổi địa phương tr&ecirc;n heo (SEP), tụ huyết tr&ugrave;ng, vi&ecirc;m ruột ti&ecirc;u chảy do E.coli.</p>\r\n\r\n<p>G&agrave;, vịt, c&uacute;t: Ph&ograve;ng v&agrave; trị bệnh h&ocirc; hấp m&atilde;n t&iacute;nh CRD v&agrave; c&aacute;c biến chứng của bệnh (CCRD), vi&ecirc;m khớ, vi&ecirc;m xoang mũi, ti&ecirc;u chảy ph&acirc;n trắng, ph&acirc;n xanh</p>\r\n\r\n<p><strong>C&Aacute;CH D&Ugrave;NG V&Agrave; LIỀU LƯỢNG</strong>:</p>\r\n\r\n<p>Heo v&agrave; gia s&uacute;c&nbsp; &nbsp; &nbsp; : 1g/20kg TT/ng&agrave;y</p>\r\n\r\n<p>Gia cầm&nbsp; &nbsp; &nbsp; &nbsp; &nbsp; &nbsp; &nbsp; &nbsp; : 1g/14-20kg TT/ng&agrave;y</p>\r\n\r\n<p><strong>CHỐNG CHỈ ĐỊNH</strong>: Kh&ocirc;ng d&ugrave;ng cho vật nu&ocirc;i mẫn cảm với th&agrave;nh phần của thuốc</p>\r\n\r\n<p><strong>THỜI GIAN NGƯNG SỬ DỤNG THUỐC</strong>: 7 ng&agrave;y trước khi giết mổ</p>\r\n\r\n<p><strong>BẢO QUẢN:</strong>&nbsp;Nơi kh&ocirc; r&aacute;o, tho&aacute;ng m&aacute;t, tr&aacute;nh &aacute;nh s&aacute;ng trực tiếp, nhiệt độ m&aacute;t dưới 30&deg;C.</p>\r\n', 0, '2025-11-12 15:29:00', NULL),
(30, 8, 'AMOXCLA POWDER', 'amoxcla-powder', 'AMOXCLA POWDER – ĐẶC TRỊ VIÊM PHỔI, CRD, TIÊU CHẢY PHÂN XANH, PHÂN TRẮNG', 0.00, NULL, '<p><strong>THUỐC BỘT</strong></p>\r\n\r\n<p><strong>AMOXCLA POWDER &ndash; ĐẶC TRỊ VI&Ecirc;M PHỔI, CRD, TI&Ecirc;U CHẢY PH&Acirc;N XANH, PH&Acirc;N TRẮNG</strong></p>\r\n\r\n<p><strong>TH&Agrave;NH PHẦN:</strong>&nbsp;Amoxycillin trihydrat, Clavulanic Acid &amp; T&aacute; dược độc quyền</p>\r\n\r\n<p><strong>C&Ocirc;NG DỤNG:</strong>&nbsp;Trị nhiễm tr&ugrave;ng da v&agrave; m&ocirc; mềm tr&ecirc;n lợn, gia cầm</p>\r\n\r\n<p><strong>CHỈ ĐỊNH CỦA BSTY</strong>:</p>\r\n\r\n<p><strong>Gia cầm</strong>: Đặc trị E.coli, thương h&agrave;n, CRD, E.coli gh&eacute;p, vi&ecirc;m ruột hoại tử, ti&ecirc;u chảy ph&acirc;n trắng, thương h&agrave;n, bạch lỵ, vi&ecirc;m phế quản, tụ huyết tr&ugrave;ng</p>\r\n\r\n<p><strong>Gia s&uacute;c</strong>: trị vi&ecirc;m phổi, vi&ecirc;m teo mũi truyền nhiễm, vi&ecirc;m xoang, vi&ecirc;m khớp, vi&ecirc;m rốn, vi&ecirc;m v&uacute;, vi&ecirc;m tử cung, E.coli, thương h&agrave;n</p>\r\n\r\n<p><strong>LIỀU LƯỢNG V&Agrave; C&Aacute;CH D&Ugrave;NG:&nbsp;</strong></p>\r\n\r\n<p>Liều điều trị:</p>\r\n\r\n<p><strong>Lợn</strong>&nbsp; &nbsp; &nbsp; &nbsp; &nbsp; &nbsp; &nbsp; : 1kg/0.6-0.8 tấn thức ăn, d&ugrave;ng li&ecirc;n tục 3-5 ng&agrave;y</p>\r\n\r\n<p><strong>Gia cầm&nbsp;</strong>&nbsp; &nbsp; &nbsp;: 1kg/1 tấn thức ăn, d&ugrave;ng li&ecirc;n tục 3-5 ng&agrave;y</p>\r\n\r\n<p>Liều ph&ograve;ng bằng 1/2 li&ecirc;u điều trị</p>\r\n\r\n<p><strong>LƯU &Yacute;:</strong>&nbsp;Kh&ocirc;ng d&ugrave;ng qu&aacute; liều quy định.</p>\r\n\r\n<p><strong>CHỐNG CHỈ ĐỊNH:</strong>&nbsp;Kh&ocirc;ng d&ugrave;ng cho th&uacute; mẫn cảm với th&agrave;nh phần của thuốc.</p>\r\n\r\n<p><strong>THỜI GIAN NGỪNG SỬ DỤNG THUỐC</strong>: 7 ng&agrave;y trước khi giết mổ</p>\r\n\r\n<p><strong>BẢO QUẢN:</strong>&nbsp;Nơi kh&ocirc; tho&aacute;ng, nhiệt độ kh&ocirc;ng qu&aacute; 30&deg;C.</p>\r\n', 0, '2025-11-12 15:29:37', NULL),
(31, 8, 'AMOXCOL 500WS', 'amoxcol-500ws', 'AMOXCOL 500WS – ĐẶC TRỊ VIÊM RUỘT, THƯƠNG HÀN, TỤ HUYẾT TRÙNG', 0.00, NULL, '<p><strong>THUỐC BỘT</strong></p>\r\n\r\n<p><strong>AMOXCOL 500WS &ndash; ĐẶC TRỊ VI&Ecirc;M RUỘT, THƯƠNG H&Agrave;N, TỤ HUYẾT TR&Ugrave;NG</strong></p>\r\n\r\n<p><strong>TH&Agrave;NH PHẦN:</strong>&nbsp;Amoxicilin trihydrat, Colistin sulfat &amp; T&aacute; dược độc quyền</p>\r\n\r\n<p><strong>C&Ocirc;NG DỤNG:</strong>&nbsp;Trị nhiễm tr&ugrave;ng đường h&ocirc; hấp, ti&ecirc;u ho&aacute;, tiết liệu tr&ecirc;n b&ecirc;, ngh&eacute;, d&ecirc;, gia cầm, cừu, lợn</p>\r\n\r\n<p><strong>CHỈ ĐỊNH CỦA BSTY</strong>:</p>\r\n\r\n<p><strong>Heo v&agrave; gia s&uacute;c kh&aacute;</strong>c: Ph&ograve;ng v&agrave; trị bệnh vi&ecirc;m phổi địa phương tr&ecirc;n heo (SEP), tụ huyết tr&ugrave;ng, vi&ecirc;m ruột ti&ecirc;u chảy do E.coli</p>\r\n\r\n<p><strong>G&agrave;, vịt, c&uacute;t</strong>: Ph&ograve;ng v&agrave; trị bệnh h&ocirc; hấp m&atilde;n t&iacute;nh CRD v&agrave; c&aacute;c biến chứng của bệnh CCRD, vi&ecirc;m khớp, vi&ecirc;m xoang mũi, ti&ecirc;u chảy ph&acirc;n trắng, ph&acirc;n xanh.</p>\r\n\r\n<p><strong>LIỀU LƯỢNG V&Agrave; C&Aacute;CH D&Ugrave;NG:&nbsp;</strong></p>\r\n\r\n<p><strong>Gia cầm</strong>&nbsp; &nbsp; &nbsp; &nbsp; &nbsp; &nbsp; &nbsp; &nbsp; : 1g/30kg thể trọng/ng&agrave;y</p>\r\n\r\n<p><strong>Heo v&agrave; gia s&uacute;c</strong>&nbsp; &nbsp; : 1g/40kg thể trọng/ng&agrave;y</p>\r\n\r\n<p>Pha nước uống hoặc trộn với thức ăn</p>\r\n\r\n<p><strong>LƯU &Yacute;:</strong>&nbsp;Kh&ocirc;ng d&ugrave;ng qu&aacute; liều quy định.</p>\r\n\r\n<p><strong>CHỐNG CHỈ ĐỊNH:</strong>&nbsp;Kh&ocirc;ng d&ugrave;ng cho th&uacute; mẫn cảm với th&agrave;nh phần của thuốc.</p>\r\n\r\n<p><strong>THỜI GIAN NGỪNG SỬ DỤNG THUỐC</strong>: Thịt: 8 ng&agrave;y; Sữa: 2 ng&agrave;y</p>\r\n\r\n<p><strong>BẢO QUẢN:</strong>&nbsp;Nơi kh&ocirc; tho&aacute;ng, nhiệt độ kh&ocirc;ng qu&aacute; 30&deg;C.</p>\r\n', 0, '2025-11-12 15:30:09', NULL),
(32, 8, 'AMOXCOLIS 64', 'amoxcolis-64', 'AMOXCOLIS 64 – ĐẶC TRỊ VIÊM RUỘT HOẠI TỬ, THƯƠNG HÀN, TỤ HUYẾT TRÙNG, CORYZA, HEN GHÉP E.COLI', 0.00, NULL, '<p><strong>THUỐC BỘT</strong></p>\r\n\r\n<p><strong>AMOXCOLIS 64 &ndash; ĐẶC TRỊ VI&Ecirc;M RUỘT HOẠI TỬ, THƯƠNG H&Agrave;N, TỤ HUYẾT TR&Ugrave;NG, CORYZA, HEN GH&Eacute;P E.COLI</strong></p>\r\n\r\n<p><strong>TH&Agrave;NH PHẦN:</strong>&nbsp;Amoxicillin trihydrat, Colistin sulfat &amp; T&aacute; dược độc quyền</p>\r\n\r\n<p><strong>C&Ocirc;NG DỤNG:</strong>&nbsp;Trị nhiễm tr&ugrave;ng h&ocirc; hấp, ti&ecirc;u ho&aacute; tr&ecirc;n lợn, gia cầm</p>\r\n\r\n<p><strong>CHỈ ĐỊNH CỦA BSTY</strong>:</p>\r\n\r\n<p><strong>Gia cầm</strong>: Đặc trị vi&ecirc;m ruột hoại tử, thương h&agrave;n, kh&ograve; kh&egrave;, s&atilde; c&aacute;nh, ph&acirc;n xanh, ph&acirc;n trắng, ph&acirc;n v&agrave;ng, ph&acirc;n nhớt c&oacute; bọt kh&iacute;, hen khẹc, ng&aacute;p, vẩy mỏ, tụ huyết tr&ugrave;ng, E.coli bại huyết, E.coli k&eacute;o m&agrave;ng, Coryza sưng ph&ugrave; mặt, cầu tr&ugrave;ng gh&eacute;p vi&ecirc;m ruột</p>\r\n\r\n<p><strong>Gia s&uacute;c</strong>: Đặc trị vi&ecirc;m ruột hoại tử, li&ecirc;n cầu khuẩn, ph&acirc;n b&ugrave;n, x&aacute;m c&oacute; bọt kh&iacute;, thương h&agrave;n, tụ huyết tr&ugrave;ng, đ&oacute;ng dấu lợn, vi&ecirc;m da.</p>\r\n\r\n<p><strong>LIỀU LƯỢNG V&Agrave; C&Aacute;CH D&Ugrave;NG:&nbsp;</strong></p>\r\n\r\n<p><strong>Gia cầm</strong>&nbsp; &nbsp;: 1g/7.5l nước hoặc 1g/35-40kg thể trọng/ng&agrave;y</p>\r\n\r\n<p><strong>Gia s&uacute;c</strong>&nbsp; &nbsp; : 1g/50-60kg thể trọng/ng&agrave;y</p>\r\n\r\n<p>Trộn v&agrave;o thức ăn hoặc pha nước uống, d&ugrave;ng li&ecirc;n tục 3-5 ng&agrave;y</p>\r\n\r\n<p><strong>CHỐNG CHỈ ĐỊNH:</strong>&nbsp;Kh&ocirc;ng d&ugrave;ng cho th&uacute; mẫn cảm với th&agrave;nh phần của thuốc.</p>\r\n\r\n<p><strong>THỜI GIAN NGỪNG SỬ DỤNG THUỐC</strong>: 7 ng&agrave;y trước khi giết mổ</p>\r\n\r\n<p><strong>BẢO QUẢN:</strong>&nbsp;Nơi kh&ocirc; tho&aacute;ng, nhiệt độ kh&ocirc;ng qu&aacute; 30&deg;C.</p>\r\n', 0, '2025-11-12 15:30:39', NULL),
(33, 9, 'AMOXI 500W', 'amoxi-500w', 'AMOXI 500W – VIÊM RUỘT, THƯƠNG HÀN, TỤ HUYẾT TRÙNG, TIÊU CHẢY, PHÂN TRẮNG, PHÂN VÀNG, VIÊM PHỔI, PHÓ THƯƠNG HÀN', 0.00, NULL, '<p><strong>THUỐC BỘT</strong></p>\r\n\r\n<p><strong>AMOXI 500W &ndash; VI&Ecirc;M RUỘT, THƯƠNG H&Agrave;N, TỤ HUYẾT TR&Ugrave;NG, TI&Ecirc;U CHẢY, PH&Acirc;N TRẮNG, PH&Acirc;N V&Agrave;NG, VI&Ecirc;M PHỔI, PH&Oacute; THƯƠNG H&Agrave;N</strong></p>\r\n\r\n<p><strong>TH&Agrave;NH PHẦN:</strong>&nbsp;Amoxycillin trihydrat &amp; T&aacute; dược độc quyền</p>\r\n\r\n<p><strong>C&Ocirc;NG DỤNG:</strong>&nbsp;Trị nhiễm khuẩn h&ocirc; hấp, ti&ecirc;u ho&aacute; tr&ecirc;n lợn, gia cầm</p>\r\n\r\n<p><strong>LIỀU LƯỢNG V&Agrave; C&Aacute;CH D&Ugrave;NG:&nbsp;</strong></p>\r\n\r\n<p><strong>Gia cầm</strong>&nbsp; &nbsp; &nbsp;: 1g/25kg thể trọng/ng&agrave;y</p>\r\n\r\n<p><strong>Gia s&uacute;c&nbsp;</strong>&nbsp; &nbsp; &nbsp;: 1g/30-40kg thể trọng/ng&agrave;y</p>\r\n\r\n<p><strong>LƯU &Yacute;:</strong>&nbsp;Kh&ocirc;ng d&ugrave;ng qu&aacute; liều quy định.</p>\r\n\r\n<p><strong>CHỐNG CHỈ ĐỊNH:</strong>&nbsp;Kh&ocirc;ng d&ugrave;ng cho th&uacute; mẫn cảm với th&agrave;nh phần của thuốc.</p>\r\n\r\n<p><strong>THỜI GIAN NGỪNG SỬ DỤNG THUỐC</strong>: 7 ng&agrave;y trước khi giết mổ</p>\r\n\r\n<p><strong>BẢO QUẢN:</strong>&nbsp;Nơi kh&ocirc; tho&aacute;ng, nhiệt độ kh&ocirc;ng qu&aacute; 30&deg;C.</p>\r\n', 0, '2025-11-12 15:35:32', NULL),
(34, 9, 'ANPHA NEW', 'anpha-new', 'ANPHA NEW – ĐẶC TRỊ VIÊM PHỔI, ĐIỀU TRỊ BỘI NHIỄM DO BỆNH TAI XANH, LMLM', 0.00, NULL, '<p><strong>DUNG DỊCH TI&Ecirc;M</strong></p>\r\n\r\n<p><strong>ANPHA NEW &ndash; ĐẶC TRỊ VI&Ecirc;M PHỔI, ĐIỀU TRỊ BỘI NHIỄM DO BỆNH TAI XANH, LMLM</strong></p>\r\n\r\n<p><strong>TH&Agrave;NH PHẦN:</strong>&nbsp;Azithromycin &amp; T&aacute; dược độc quyền</p>\r\n\r\n<p><strong>C&Ocirc;NG DỤNG:</strong>&nbsp;Trị nhiễm khuẩn đường h&ocirc; hấp, ti&ecirc;u ho&aacute;, sinh dục, nhiễm tr&ugrave;ng da v&agrave; c&aacute;c m&ocirc; mềm tr&ecirc;n tr&acirc;u, b&ograve;, ngựa, d&ecirc;, cừu v&agrave; lợn</p>\r\n\r\n<p><strong>LIỀU LƯỢNG V&Agrave; C&Aacute;CH D&Ugrave;NG:&nbsp;</strong>Ti&ecirc;m bắp thịt c&aacute;ch nhau 48h. Nếu bệnh nặng ng&agrave;y ti&ecirc;m 1 lần với liều 1ml/15-20kg thể trọng</p>\r\n\r\n<p><strong>LƯU &Yacute;:</strong>&nbsp;Kh&ocirc;ng d&ugrave;ng qu&aacute; liều quy định.</p>\r\n\r\n<p><strong>CHỐNG CHỈ ĐỊNH:</strong>&nbsp;Kh&ocirc;ng d&ugrave;ng cho th&uacute; mẫn cảm với th&agrave;nh phần của thuốc.</p>\r\n\r\n<p><strong>THỜI GIAN NGƯNG SỬ DỤNG THUỐC</strong>: 7 ng&agrave;y trước khi giết mổ</p>\r\n\r\n<p><strong>BẢO QUẢN:</strong>&nbsp;Nơi kh&ocirc; tho&aacute;ng, nhiệt độ kh&ocirc;ng qu&aacute; 30&deg;C.</p>\r\n', 0, '2025-11-12 15:36:10', NULL),
(35, 9, 'CEFANEW @', 'cefanew', 'CEFANEW @ – VIÊM VÚ, VIÊM TỬ CUNG, VIÊM ĐƯỜNG TIẾT NIỆU, VIÊM DA, VIÊM KHỚP, THỐI MÓNG, LỞ MỒM LONG MÓNG, SỐT KHÔNG RÕ NGUYÊN NHÂN', 0.00, NULL, '<p><strong>HỖN DỊCH TI&Ecirc;M</strong></p>\r\n\r\n<p><strong>CEFANEW @ &ndash; VI&Ecirc;M V&Uacute;, VI&Ecirc;M TỬ CUNG, VI&Ecirc;M ĐƯỜNG TIẾT NIỆU, VI&Ecirc;M DA, VI&Ecirc;M KHỚP, THỐI M&Oacute;NG, LỞ MỒM LONG M&Oacute;NG, SỐT KH&Ocirc;NG R&Otilde; NGUY&Ecirc;N NH&Acirc;N</strong></p>\r\n\r\n<p><strong>TH&Agrave;NH PHẦN:</strong>&nbsp;Ceftiofur &amp; T&aacute; dược độc quyền</p>\r\n\r\n<p><strong>C&Ocirc;NG DỤNG:</strong>&nbsp;Trị nhiễm tr&ugrave;ng đường h&ocirc; hấp, vi&ecirc;m tử cung cấp tr&ecirc;n tr&acirc;u, b&ograve;, lợn</p>\r\n\r\n<p><strong>LIỀU LƯỢNG V&Agrave; C&Aacute;CH D&Ugrave;NG:&nbsp;</strong></p>\r\n\r\n<p><strong>Lợn</strong>&nbsp; &nbsp; &nbsp; &nbsp; &nbsp; &nbsp;: 1ml/10-15kg thể trọng/ng&agrave;y. D&ugrave;ng 3 ng&agrave;y</p>\r\n\r\n<p><strong>Tr&acirc;u, b&ograve;</strong>&nbsp; &nbsp; : 1-2ml/50kg thể trọng/ng&agrave;y. D&ugrave;ng 3-5 ng&agrave;y</p>\r\n\r\n<p><strong>LƯU &Yacute;:</strong>&nbsp;Kh&ocirc;ng d&ugrave;ng qu&aacute; liều quy định.</p>\r\n\r\n<p><strong>CHỐNG CHỈ ĐỊNH:</strong>&nbsp;Kh&ocirc;ng d&ugrave;ng cho th&uacute; mẫn cảm với th&agrave;nh phần của thuốc.</p>\r\n\r\n<p><strong>THỜI GIAN NGỪNG SỬ DỤNG THUỐC</strong>: 7 ng&agrave;y trước khi giết mổ</p>\r\n\r\n<p><strong>BẢO QUẢN:</strong>&nbsp;Nơi kh&ocirc; tho&aacute;ng, nhiệt độ kh&ocirc;ng qu&aacute; 30&deg;C.</p>\r\n', 0, '2025-11-12 15:36:40', NULL),
(36, 9, 'CEFKE 515 @ LA', 'cefke-515-la', 'CEFKE 515 – VIÊM VÚ, VIÊM TỬ CUNG, VIÊM ĐƯỜNG TIẾT NIỆU, VIÊM DA, VIÊM KHỚP, THỐI MÓNG, LỞ MỒM LONG MÓNG, SỐT KHÔNG RÕ NGUYÊN NHÂN', 0.00, NULL, '<p><strong>HỖN DỊCH TI&Ecirc;M</strong></p>\r\n\r\n<p><strong>CEFKE 515 &ndash; VI&Ecirc;M V&Uacute;, VI&Ecirc;M TỬ CUNG, VI&Ecirc;M ĐƯỜNG TIẾT NIỆU, VI&Ecirc;M DA, VI&Ecirc;M KHỚP, THỐI M&Oacute;NG, LỞ MỒM LONG M&Oacute;NG, SỐT KH&Ocirc;NG R&Otilde; NGUY&Ecirc;N NH&Acirc;N</strong></p>\r\n\r\n<p><strong>TH&Agrave;NH PHẦN:</strong>&nbsp;Ceftiofur, Ketoprofen &amp; T&aacute; dược độc quyền</p>\r\n\r\n<p><strong>C&Ocirc;NG DỤNG:</strong>&nbsp;Trị nhiễm khuẩn h&ocirc; hấp tr&ecirc;n b&ograve; (BRD)</p>\r\n\r\n<p><strong>LIỀU LƯỢNG V&Agrave; C&Aacute;CH D&Ugrave;NG:&nbsp;</strong></p>\r\n\r\n<p><strong>Lợn</strong>&nbsp; &nbsp; &nbsp; &nbsp; &nbsp; &nbsp;: 1ml/10-15kg thể trọng/ng&agrave;y. D&ugrave;ng 3 ng&agrave;y</p>\r\n\r\n<p><strong>Tr&acirc;u, b&ograve;</strong>&nbsp; &nbsp; : 1-2ml/50kg thể trọng/ng&agrave;y. D&ugrave;ng 3-5 ng&agrave;y</p>\r\n\r\n<p><strong>LƯU &Yacute;:</strong>&nbsp;Kh&ocirc;ng d&ugrave;ng qu&aacute; liều quy định.</p>\r\n\r\n<p><strong>CHỐNG CHỈ ĐỊNH:</strong>&nbsp;Kh&ocirc;ng d&ugrave;ng cho th&uacute; mẫn cảm với th&agrave;nh phần của thuốc.</p>\r\n\r\n<p><strong>THỜI GIAN NGỪNG SỬ DỤNG THUỐC</strong>: 7 ng&agrave;y trước khi giết mổ</p>\r\n\r\n<p><strong>BẢO QUẢN:</strong>&nbsp;Nơi kh&ocirc; tho&aacute;ng, nhiệt độ kh&ocirc;ng qu&aacute; 30&deg;C.</p>\r\n', 0, '2025-11-12 15:37:11', NULL),
(37, 9, 'CEFQUI 25LA', 'cefqui-25la', 'CEFQUI 25LA – ĐẶC TRỊ CÁC BỆNH NHIỄM KHUẨN, VIÊM DA, HOẠI TỬ DO NHIỄM TRÙNG VÀ BỆNH HOẠI TỬ', 0.00, NULL, '<p><strong>HỖN DỊCH TI&Ecirc;M</strong></p>\r\n\r\n<p><strong>CEFQUI 25LA &ndash; ĐẶC TRỊ C&Aacute;C BỆNH NHIỄM KHUẨN, VI&Ecirc;M DA, HOẠI TỬ DO NHIỄM TR&Ugrave;NG V&Agrave; BỆNH HOẠI TỬ</strong></p>\r\n\r\n<p><strong>TH&Agrave;NH PHẦN:</strong>&nbsp;Cefquinom &amp; T&aacute; dược độc quyền</p>\r\n\r\n<p><strong>C&Ocirc;NG DỤNG:</strong>&nbsp;Trị nhiễm khuẩn đường h&ocirc; hấp, vi&ecirc;m da hoại tử, vi&ecirc;m v&uacute;, nhiễm tr&ugrave;ng huyết tr&acirc;u, b&ograve;, lợn, gia cầm</p>\r\n\r\n<p><strong>LIỀU LƯỢNG V&Agrave; C&Aacute;CH D&Ugrave;NG:&nbsp;</strong></p>\r\n\r\n<p><strong>Lợn, b&ecirc;, ngh&eacute;, d&ecirc;, ngựa con</strong>&nbsp; &nbsp; &nbsp;: 1ml/12.5kg thể trọng</p>\r\n\r\n<p><strong>Tr&acirc;u, b&ograve;, ngựa</strong>&nbsp; &nbsp; &nbsp; &nbsp; &nbsp; &nbsp; &nbsp; &nbsp; &nbsp; &nbsp; &nbsp; &nbsp; &nbsp; &nbsp; : 1ml/25kg thể trọng</p>\r\n\r\n<p><strong>Ch&oacute; m&egrave;o&nbsp;</strong>&nbsp;&nbsp; &nbsp; &nbsp; &nbsp; &nbsp; &nbsp; &nbsp; &nbsp; &nbsp; &nbsp; &nbsp; &nbsp; &nbsp; &nbsp; &nbsp; &nbsp; &nbsp; &nbsp;: 1ml/8-10kg thể trọng</p>\r\n\r\n<p><strong>Gia cầm&nbsp;</strong>&nbsp;&nbsp; &nbsp; &nbsp; &nbsp; &nbsp; &nbsp; &nbsp; &nbsp; &nbsp; &nbsp; &nbsp; &nbsp; &nbsp; &nbsp; &nbsp; &nbsp; &nbsp; &nbsp; : 1ml/5-7kg thể trọng</p>\r\n\r\n<p><strong>LƯU &Yacute;:</strong>&nbsp;Kh&ocirc;ng d&ugrave;ng qu&aacute; liều quy định.</p>\r\n\r\n<p><strong>CHỐNG CHỈ ĐỊNH:</strong>&nbsp;Kh&ocirc;ng d&ugrave;ng cho th&uacute; mẫn cảm với th&agrave;nh phần của thuốc.</p>\r\n\r\n<p><strong>THỜI GIAN NGỪNG SỬ DỤNG THUỐC</strong>: 7 ng&agrave;y trước khi giết mổ</p>\r\n\r\n<p><strong>BẢO QUẢN:</strong>&nbsp;Nơi kh&ocirc; tho&aacute;ng, nhiệt độ kh&ocirc;ng qu&aacute; 30&deg;C.</p>\r\n', 0, '2025-11-12 15:37:41', NULL),
(38, 10, 'KÍCH ĐẺ WIN TOCIN', 'kich-de-win-tocin', 'WIN TOCIN – CHỮA LIỆT DẠ CON, TĂNG CƯỜNG CO TỬ CUNG, HỖ TRỢ ĐIỀU TRỊ VIÊM VÚ, VIÊM TỬ CUNG', 0.00, NULL, '<p><strong>DUNG DỊCH TI&Ecirc;M</strong></p>\r\n\r\n<p><strong>WIN TOCIN &ndash; CHỮA LIỆT DẠ CON, TĂNG CƯỜNG CO TỬ CUNG, HỖ TRỢ ĐIỀU TRỊ VI&Ecirc;M V&Uacute;, VI&Ecirc;M TỬ CUNG</strong></p>\r\n\r\n<p><strong>TH&Agrave;NH PHẦN:</strong>&nbsp;Oxytocin &amp; T&aacute; dược độc quyền</p>\r\n\r\n<p><strong>C&Ocirc;NG DỤNG:</strong>&nbsp;Chữa liệt dạ con, tăng cường co tử cung, th&uacute;c đẻ, tống nhau thai v&agrave; c&aacute;c dịch ứ ra nhanh, ph&ograve;ng băng huyết, chảy m&aacute;u dạ con khi đẻ, k&iacute;ch th&iacute;ch tiết sữa, hỗ trợ điều trị vi&ecirc;m v&uacute;, vi&ecirc;m tử cung tr&ecirc;n ngựa, b&ograve;, cừu, d&ecirc;, lợn, ch&oacute;, m&egrave;o</p>\r\n\r\n<p><strong>LIỀU LƯỢNG V&Agrave; C&Aacute;CH D&Ugrave;NG:</strong></p>\r\n\r\n<p><strong>Tr&acirc;u, b&ograve;, ngựa</strong>&nbsp; : 2-5ml/con</p>\r\n\r\n<p><strong>Heo, d&ecirc;, cừu&nbsp;</strong>&nbsp;&nbsp; &nbsp;: 1-2ml/con</p>\r\n\r\n<p><strong>Ch&oacute;&nbsp;</strong>&nbsp; &nbsp; &nbsp; &nbsp; &nbsp; &nbsp; &nbsp; &nbsp; &nbsp; &nbsp;: 0.2-1ml/con</p>\r\n\r\n<p><strong>M&egrave;o&nbsp;</strong>&nbsp; &nbsp; &nbsp; &nbsp; &nbsp; &nbsp; &nbsp; &nbsp; &nbsp; &nbsp;: 0.2-0.5ml/con</p>\r\n\r\n<p><strong>LƯU &Yacute;:</strong>&nbsp;Kh&ocirc;ng d&ugrave;ng qu&aacute; liều quy định.</p>\r\n\r\n<p><strong>CHỐNG CHỈ ĐỊNH:</strong>&nbsp;Kh&ocirc;ng d&ugrave;ng cho th&uacute; mẫn cảm với th&agrave;nh phần của thuốc.</p>\r\n\r\n<p><strong>THỜI GIAN NGỪNG THUỐC:</strong>&nbsp;7 ng&agrave;y trước khi giết mổ</p>\r\n\r\n<p><strong>BẢO QUẢN:</strong>&nbsp;Nơi kh&ocirc; tho&aacute;ng, nhiệt độ kh&ocirc;ng qu&aacute; 30&deg;C.</p>\r\n', 0, '2025-11-12 15:39:01', NULL),
(39, 10, 'KÍCH DỤC TỐ VITA-ADE', 'kich-duc-to-vita-ade', 'VITA-ADE – BỔ SUNG VITAMIN ADE, PHÒNG SẢY THAI, ĐẺ NON, TĂNG TỶ LỆ PHÔI, TỶ LỆ ẤP NỞ, TĂNG SẢN LƯỢNG TRỨNG', 0.00, NULL, '<p><strong>DINH DƯỠNG DẠNG BỘT</strong></p>\r\n\r\n<p><strong>VITA-ADE &ndash; BỔ SUNG VITAMIN ADE, PH&Ograve;NG SẢY THAI, ĐẺ NON, TĂNG TỶ LỆ PH&Ocirc;I, TỶ LỆ ẤP NỞ, TĂNG SẢN LƯỢNG TRỨNG</strong></p>\r\n\r\n<p><strong>TH&Agrave;NH PHẦN:</strong>&nbsp;Vitamin A, D3, E v&agrave; một số th&agrave;nh phần kh&aacute;c</p>\r\n\r\n<p><strong>C&Ocirc;NG DỤNG:</strong>&nbsp;</p>\r\n\r\n<p>Cung cấp vitamin ADE, ph&ograve;ng ngừa sảy thai, chết ph&ocirc;i, k&iacute;ch th&iacute;ch tăng trọng nhanh</p>\r\n\r\n<p>Tăng sức đề kh&aacute;ng, tăng cường hệ miễn dịch, chống stress, đăc biệt rất cần thiết đối với sự ph&aacute;t triển cơ quan sinh sản của vật nu&ocirc;i trong giai đoạn hậu bị v&agrave; sinh sản</p>\r\n\r\n<p>Tăng sản lượng trứng v&agrave; k&eacute;o d&agrave;i thời gian khai th&aacute;c trứng. Tăng chất lượng trứng, trứng to, khắc phục t&igrave;nh trạng vỏ mỏng, dễ vỡ</p>\r\n\r\n<p>L&ecirc;n giống nhanh, tăng tỷ lệ đậu thai ở gia s&uacute;c</p>\r\n\r\n<p><strong>LIỀU LƯỢNG V&Agrave; C&Aacute;CH D&Ugrave;NG:</strong></p>\r\n\r\n<p><strong>G&agrave;, vịt, ngan, ngỗng, chim, c&uacute;t</strong>&nbsp; &nbsp; &nbsp; &nbsp; &nbsp;: 1g/1-2l nước hoặc 2g/1-2kg thức ăn</p>\r\n\r\n<p><strong>Tr&acirc;u, b&ograve;, d&ecirc;, cừu,heo&nbsp; &nbsp; &nbsp; &nbsp; &nbsp; &nbsp; &nbsp; &nbsp; &nbsp; &nbsp; &nbsp;&nbsp;</strong>&nbsp; &nbsp;: 1g/8-10l nước hoặc 1g/2kg thức ăn</p>\r\n\r\n<p>Ho&agrave; nước cho uống hoặc trộn với thức ăn, sử dụng li&ecirc;n tục trong suốt thời gian nu&ocirc;i gia s&uacute;c, gia cầm</p>\r\n\r\n<p><strong>LƯU &Yacute;:</strong>&nbsp;Kh&ocirc;ng d&ugrave;ng qu&aacute; liều quy định.</p>\r\n\r\n<p><strong>BẢO QUẢN:</strong>&nbsp;Nơi kh&ocirc; tho&aacute;ng, nhiệt độ kh&ocirc;ng qu&aacute; 30&deg;C.</p>\r\n', 0, '2025-11-12 15:39:39', NULL),
(40, 12, 'ĐẶC TRỊ GIUN SÁN', 'dac-tri-giun-san', 'ĐẶC TRỊ GIUN SÁN – ĐẶC TRỊ CÁC LOẠI GIUN TRÒN KÝ SINH', 0.00, NULL, '<p><strong>THUỐC BỘT</strong></p>\r\n\r\n<p><strong>ĐẶC TRỊ GIUN S&Aacute;N &ndash; ĐẶC TRỊ C&Aacute;C LOẠI GIUN TR&Ograve;N K&Yacute; SINH</strong></p>\r\n\r\n<p><strong>TH&Agrave;NH PHẦN:</strong>&nbsp;Fenbendazole &amp; T&aacute; dược độc quyền</p>\r\n\r\n<p><strong>C&Ocirc;NG DỤNG:</strong>&nbsp;Trị k&yacute; sinh tr&ugrave;ng tr&ecirc;n tr&acirc;u, b&ograve;, b&ecirc;, ngh&eacute;, d&ecirc;, cừu, lợn, gia cầm</p>\r\n\r\n<p><strong>LIỀU LƯỢNG V&Agrave; C&Aacute;CH D&Ugrave;NG:&nbsp;</strong></p>\r\n\r\n<p><strong>Tr&acirc;u, b&ograve;</strong>&nbsp; &nbsp; &nbsp; &nbsp; &nbsp; &nbsp; &nbsp; &nbsp; &nbsp; &nbsp; &nbsp; &nbsp; &nbsp; &nbsp; &nbsp; &nbsp;: 1g/15-20kg thể trọng</p>\r\n\r\n<p><strong>Lợn, d&ecirc;, cừu&nbsp;</strong>&nbsp; &nbsp; &nbsp; &nbsp; &nbsp; &nbsp; &nbsp; &nbsp; &nbsp; &nbsp; &nbsp; : 1g/12-16kg thể trọng</p>\r\n\r\n<p><strong>Ch&oacute; m&egrave;o&nbsp; &nbsp;</strong>&nbsp; &nbsp; &nbsp; &nbsp; &nbsp; &nbsp; &nbsp; &nbsp; &nbsp; &nbsp; &nbsp; &nbsp; &nbsp; &nbsp;: 1g/5-10kg thể trọng</p>\r\n\r\n<p><strong>G&agrave;, vịt, ngan, ngỗng, c&uacute;t&nbsp; &nbsp;</strong>: 1g/5-10kg thể trọng</p>\r\n\r\n<p><strong>LƯU &Yacute;:</strong>&nbsp;Kh&ocirc;ng d&ugrave;ng qu&aacute; liều quy định.</p>\r\n\r\n<p><strong>CHỐNG CHỈ ĐỊNH:</strong>&nbsp;Kh&ocirc;ng d&ugrave;ng cho th&uacute; mẫn cảm với th&agrave;nh phần của thuốc.</p>\r\n\r\n<p><strong>THỜI GIAN NGỪNG SỬ DỤNG THUỐC</strong>: 7 ng&agrave;y trước khi giết mổ</p>\r\n\r\n<p><strong>BẢO QUẢN:</strong>&nbsp;Nơi kh&ocirc; tho&aacute;ng, nhiệt độ kh&ocirc;ng qu&aacute; 30&deg;C.</p>\r\n', 0, '2025-11-12 15:41:05', NULL),
(41, 12, 'DICLACOC', 'diclacoc', 'DICLACOC – TRỊ CẦU TRÙNG TRÊN GIA SÚC, GIA CẦM', 0.00, NULL, '<p><strong>THUỐC HỖN DỊCH UỐNG</strong></p>\r\n\r\n<p><strong>DICLACOC &ndash; TRỊ CẦU TR&Ugrave;NG TR&Ecirc;N GIA S&Uacute;C, GIA CẦM</strong></p>\r\n\r\n<p><strong>TH&Agrave;NH PHẦN:</strong>&nbsp;Diclazuril &amp; T&aacute; dược độc quyền</p>\r\n\r\n<p><strong>C&Ocirc;NG DỤNG:</strong>&nbsp;Trị cầu tr&ugrave;ng tr&ecirc;n gia s&uacute;c, gia cầm</p>\r\n\r\n<p><strong>LIỀU LƯỢNG V&Agrave; C&Aacute;CH D&Ugrave;NG:</strong></p>\r\n\r\n<p><strong>Gia s&uacute;c</strong>&nbsp; &nbsp; &nbsp; &nbsp; &nbsp;: 1ml/5-10kg thể trọng/ng&agrave;y</p>\r\n\r\n<p><strong>Gia cầm</strong>&nbsp; &nbsp; &nbsp; &nbsp;&nbsp;:<strong>&nbsp;1ml/0.5l nước uống</strong></p>\r\n\r\n<p><strong>LƯU &Yacute;:</strong>&nbsp;Kh&ocirc;ng d&ugrave;ng qu&aacute; liều quy định.</p>\r\n\r\n<p><strong>CHỐNG CHỈ ĐỊNH:</strong>&nbsp;Kh&ocirc;ng sử dụng cho vật nu&ocirc;i mẫn cảm với th&agrave;nh phần của thuốc</p>\r\n\r\n<p><strong>THỜI GIAN NGỪNG THUỐC:</strong>&nbsp;7 ng&agrave;y trước khi giết mổ.</p>\r\n\r\n<p><strong>BẢO QUẢN:</strong>&nbsp;Nơi kh&ocirc; tho&aacute;ng, tr&aacute;nh &aacute;nh nắng trực tiếp, nhiệt độ kh&ocirc;ng qu&aacute; 30&deg;C.</p>\r\n', 0, '2025-11-12 15:41:34', NULL),
(42, 12, 'LEVASOL', 'levasol', 'LEVASOL – PHÒNG VÀ TRỊ KÝ SINH TRÙNG ĐƯỜNG TIÊU HOÁ VÀ GIUN PHỔI TRÊN TRÂU, BÒ, BÊ, NGHÉ, DÊ, CỪU VÀ LỢN', 0.00, NULL, '<p><strong>DUNG DỊCH TI&Ecirc;M</strong></p>\r\n\r\n<p><strong>LEVASOL &ndash; PH&Ograve;NG V&Agrave; TRỊ K&Yacute; SINH TR&Ugrave;NG ĐƯỜNG TI&Ecirc;U HO&Aacute; V&Agrave; GIUN PHỔI TR&Ecirc;N TR&Acirc;U, B&Ograve;, B&Ecirc;, NGH&Eacute;, D&Ecirc;, CỪU V&Agrave; LỢN</strong></p>\r\n\r\n<p><strong>TH&Agrave;NH PHẦN:</strong>&nbsp;Levamisole &amp; T&aacute; dược độc quyền</p>\r\n\r\n<p><strong>C&Ocirc;NG DỤNG:</strong>&nbsp;Ph&ograve;ng v&agrave; trị l&yacute; sinh tr&ugrave;ng đường ti&ecirc;u ho&aacute; v&agrave; giun phổi tr&ecirc;n tr&acirc;u, b&ograve;, b&ecirc;, ngh&eacute;, d&ecirc;, cừu, lợn</p>\r\n\r\n<p><strong>LIỀU LƯỢNG V&Agrave; C&Aacute;CH D&Ugrave;NG:</strong></p>\r\n\r\n<p><strong>Tr&acirc;u, b&ograve;</strong>&nbsp; &nbsp; &nbsp; &nbsp; &nbsp;: 1ml/20kg thể trọng</p>\r\n\r\n<p><strong>Lợn, d&ecirc;, cừu&nbsp;</strong>&nbsp;&nbsp; &nbsp;: 1ml/20kg thể trọng&nbsp;</p>\r\n\r\n<p><strong>LƯU &Yacute;:</strong>&nbsp;Kh&ocirc;ng d&ugrave;ng qu&aacute; liều quy định.</p>\r\n\r\n<p><strong>CHỐNG CHỈ ĐỊNH:</strong>&nbsp;Kh&ocirc;ng d&ugrave;ng cho th&uacute; mẫn cảm với th&agrave;nh phần của thuốc.</p>\r\n\r\n<p><strong>THỜI GIAN NGỪNG THUỐC:</strong>&nbsp;7 ng&agrave;y trước khi giết mổ</p>\r\n\r\n<p><strong>BẢO QUẢN:</strong>&nbsp;Nơi kh&ocirc; tho&aacute;ng, nhiệt độ kh&ocirc;ng qu&aacute; 30&deg;C.</p>\r\n', 0, '2025-11-12 15:42:05', NULL),
(43, 12, 'W-SULFATRYL 408', 'w-sulfatryl-408', 'W-SULFATRYL 408 – ĐẶC TRỊ CẦU TRÙNG, KÝ SINH TRÙNG ĐƯỜNG MÁU, PHÂN SÁP, CẦU TRÙNG MÁU TƯƠI, VIÊM RUỘT TIÊU CHẢY, TỤ HUYẾT TRÙNG', 0.00, NULL, '<p><strong>THUỐC BỘT</strong></p>\r\n\r\n<p><strong>W-SULFATRYL 408 &ndash; ĐẶC TRỊ CẦU TR&Ugrave;NG, K&Yacute; SINH TR&Ugrave;NG ĐƯỜNG M&Aacute;U, PH&Acirc;N S&Aacute;P, CẦU TR&Ugrave;NG M&Aacute;U TƯƠI, VI&Ecirc;M RUỘT TI&Ecirc;U CHẢY, TỤ HUYẾT TR&Ugrave;NG</strong></p>\r\n\r\n<p><strong>TH&Agrave;NH PHẦN:</strong>&nbsp;Sulfamonomethoxin sodium, Trimethoprim &amp; T&aacute; dược độc quyền</p>\r\n\r\n<p><strong>C&Ocirc;NG DỤNG:</strong>&nbsp;Trị ti&ecirc;u chảy, nhiễm tr&ugrave;ng huyết, cầu tr&ugrave;ng, vi&ecirc;m đường h&ocirc; h&aacute;p, nhiễm tr&ugrave;ng t&uacute;i kh&iacute;, vi&ecirc;m đa khớp, bạch hầu v&agrave; nhiễm tr&ugrave;ng d&acirc;y rốn tr&ecirc;n b&ecirc;, ngh&eacute;, d&ecirc;, lợn, g&agrave; v&agrave; g&agrave; t&acirc;y</p>\r\n\r\n<p><strong>LIỀU LƯỢNG V&Agrave; C&Aacute;CH D&Ugrave;NG:&nbsp;</strong></p>\r\n\r\n<p><strong>Gia cầm</strong>&nbsp; &nbsp; &nbsp; &nbsp; &nbsp; &nbsp; &nbsp; &nbsp; &nbsp; &nbsp; &nbsp; &nbsp; &nbsp; &nbsp; &nbsp; &nbsp; &nbsp;: 1g/2-3l nước hoặc 1g/10-15kg thể trọng</p>\r\n\r\n<p><strong>B&ecirc;, ngh&eacute;, d&ecirc;, cừu, lợn</strong>&nbsp; &nbsp; &nbsp; &nbsp; &nbsp;: 1g/20kg thể trọng</p>\r\n\r\n<p>Pha nước hoặc trộn với thức ăn</p>\r\n\r\n<p><strong>LƯU &Yacute;:</strong>&nbsp;Kh&ocirc;ng d&ugrave;ng qu&aacute; liều quy định.</p>\r\n\r\n<p><strong>CHỐNG CHỈ ĐỊNH:</strong>&nbsp;Kh&ocirc;ng d&ugrave;ng cho th&uacute; mẫn cảm với th&agrave;nh phần của thuốc.</p>\r\n\r\n<p><strong>THỜI GIAN NGỪNG SỬ DỤNG THUỐC</strong>: 7 ng&agrave;y trước khi giết mổ</p>\r\n\r\n<p><strong>BẢO QUẢN:</strong>&nbsp;Nơi kh&ocirc; tho&aacute;ng, nhiệt độ kh&ocirc;ng qu&aacute; 30&deg;C.</p>\r\n', 0, '2025-11-12 15:47:18', NULL),
(44, 12, 'W-SULFA GOLD', 'w-sulfa-gold', 'W-SULFA GOLD – ĐẶC TRỊ KÍ SINH TRUNG ĐƯỜNG MÁU; CẦU TRÙNG RUỘT NON, MANH TRÀNG; VIÊM RUỘT HOẠI TỬ, TỤ HUYẾT TRÙNG', 0.00, NULL, '<p><strong>THUỐC UỐNG</strong></p>\r\n\r\n<p><strong>W-SULFA GOLD &ndash; ĐẶC TRỊ K&Iacute; SINH TRUNG ĐƯỜNG M&Aacute;U; CẦU TR&Ugrave;NG RUỘT NON, MANH TR&Agrave;NG; VI&Ecirc;M RUỘT HOẠI TỬ, TỤ HUYẾT TR&Ugrave;NG</strong></p>\r\n\r\n<p><strong>TH&Agrave;NH PHẦN:</strong>&nbsp;Sulfamonomethoxin, Trimethopruim &amp; T&aacute; dược độc quyền</p>\r\n\r\n<p><strong>C&Ocirc;NG DỤNG:</strong>&nbsp;Trị nhiễm tr&ugrave;ng đường h&ocirc; hấp, ti&ecirc;u ho&aacute;, niệu sinh dục, vi&ecirc;m tắc tĩnh mạch, vi&ecirc;m m&oacute;ng, vi&ecirc;m kết mạc tr&ecirc;n b&ecirc;, ngh&eacute;, lợn, gia cầm</p>\r\n\r\n<p><strong>CHỈ ĐỊNH CỦA BSTY</strong>: Đặc trị k&yacute; sinh tr&ugrave;ng đường m&aacute;u, bệnh đầu đen, ch&agrave;m hậu m&ocirc;n, cầu tr&ugrave;ng ruột non, cầu tr&ugrave;ng manh tr&agrave;ng, cầu tr&ugrave;ng gh&eacute;p E.coli, ti&ecirc;u chảy ra m&aacute;u, ph&acirc;n s&aacute;p, ph&acirc;n socola, vi&ecirc;m ruột hoại tử, tụ huyết tr&ugrave;ng, bạch lỵ, kh&ocirc; ch&acirc;n ở g&agrave;, vịt, ngan, c&uacute;t</p>\r\n\r\n<p><strong>LIỀU LƯỢNG V&Agrave; C&Aacute;CH D&Ugrave;NG:</strong></p>\r\n\r\n<p><strong>G&agrave;, vịt, ngan, c&uacute;t&nbsp;</strong>&nbsp; &nbsp; &nbsp;:1ml/6-8kg thể trọng.</p>\r\n\r\n<p><strong>LƯU &Yacute;:</strong>&nbsp;Kh&ocirc;ng d&ugrave;ng qu&aacute; liều quy định.</p>\r\n\r\n<p><strong>CHỐNG CHỈ ĐỊNH:</strong>&nbsp;Kh&ocirc;ng d&ugrave;ng cho th&uacute; mẫn cảm với th&agrave;nh phần của thuốc.</p>\r\n\r\n<p><strong>THỜI GIAN NGỪNG THUỐC:</strong>&nbsp;7 ng&agrave;y trước khi giết mổ.</p>\r\n\r\n<p><strong>BẢO QUẢN:</strong>&nbsp;Nơi kh&ocirc; tho&aacute;ng, nhiệt độ kh&ocirc;ng qu&aacute; 30&deg;C.</p>\r\n', 0, '2025-11-12 15:47:51', NULL),
(45, 12, 'W-ENZO 20% ORAL', 'w-enzo-20-oral', 'W-ENZO 20% ORAL – ĐẶC TRỊ CÁC BỆNH NHIỄM TRÙNG ĐƯỜNG TIÊU HOÁ VÀ ĐƯỜNG HÔ HẤP', 0.00, NULL, '<p><strong>THUỐC BỘT PHA TI&Ecirc;M</strong></p>\r\n\r\n<p><strong>W-ENZO 20% ORAL &ndash; ĐẶC TRỊ C&Aacute;C BỆNH NHIỄM TR&Ugrave;NG ĐƯỜNG TI&Ecirc;U HO&Aacute; V&Agrave; ĐƯỜNG H&Ocirc; HẤP</strong></p>\r\n\r\n<p><strong>TH&Agrave;NH PHẦN:</strong>&nbsp;Enrofloxacine &amp; T&aacute; dược độc quyền</p>\r\n\r\n<p><strong>C&Ocirc;NG DỤNG:</strong>&nbsp;Trị nhiễm tr&ugrave;ng đường ti&ecirc;u ho&aacute;, h&ocirc; hấp, nhiễm tr&ugrave;ng huyết, tiết niệu, nhiễm tr&ugrave;ng vết thương tr&ecirc;n b&ecirc;, cừu, ngh&eacute;, d&ecirc;, lợn, da cầm</p>\r\n\r\n<p><strong>CHỈ ĐỊNH CỦA BSTY</strong>: Đặc trị c&aacute;c bệnh nhiễm tr&ugrave;ng đường ti&ecirc;u ho&aacute; v&agrave; đường h&ocirc; hấp do c&aacute;c vi sinh vật nhạy cảm với Enrofloxacine g&acirc;y ra như vi&ecirc;m phổi, nhiễm tr&ugrave;ng Mycoplasmosis, nhiễm tr&ugrave;ng huyết, Coli ti&ecirc;u chảy, tụ huyết tr&ugrave;ng, thương h&agrave;n v&agrave; sốt ph&oacute; thương h&agrave;n, tiết niệu, nhiễm tr&ugrave;ng đường ti&ecirc;u ho&aacute;, nhiễm tr&ugrave;ng vết thương v&agrave; nhiễm tr&ugrave;ng do vi khuẩn thứ cấp như biến chứng của bệnh do virut của gia cầm, lợn, b&ecirc;, ngh&eacute;, cừu v&agrave; d&ecirc;</p>\r\n\r\n<p><strong>LIỀU LƯỢNG V&Agrave; C&Aacute;CH D&Ugrave;NG:</strong></p>\r\n\r\n<p><strong>Heo</strong>&nbsp; &nbsp; &nbsp; &nbsp; &nbsp; &nbsp; &nbsp; &nbsp; &nbsp;: 1ml/20-25kg thể trọng</p>\r\n\r\n<p><strong>B&ecirc;, cừu, d&ecirc;</strong>&nbsp; &nbsp; : 5ml/75-150kg thể trọng</p>\r\n\r\n<p><strong>Gia cầm</strong>&nbsp; &nbsp; &nbsp; &nbsp; &nbsp;&nbsp;:<strong>&nbsp;1ml/10-15kg thể trọng</strong></p>\r\n\r\n<p><strong>LƯU &Yacute;:</strong>&nbsp;Kh&ocirc;ng d&ugrave;ng qu&aacute; liều quy định.</p>\r\n\r\n<p><strong>CHỐNG CHỈ ĐỊNH:</strong>&nbsp;Kh&ocirc;ng d&ugrave;ng cho th&uacute; mẫn cảm với th&agrave;nh phần của thuốc.</p>\r\n\r\n<p><strong>THỜI GIAN NGỪNG THUỐC:</strong>&nbsp;7 ng&agrave;y trước khi giết mổ</p>\r\n\r\n<p><strong>BẢO QUẢN:</strong>&nbsp;Nơi kh&ocirc; tho&aacute;ng, nhiệt độ kh&ocirc;ng qu&aacute; 30&deg;C.</p>\r\n', 0, '2025-11-12 15:48:27', NULL),
(46, 13, 'POVIDIN', 'povidin', 'POVIDIN – TÁC DỤNG NHANH, MẠNH, DIỆT KHUẨN VIRUS, KHÔNG ĂN MÒN KIM LOẠI', 0.00, NULL, '<p><strong>THUỐC BỘT</strong></p>\r\n\r\n<p><strong>POVIDIN &ndash; T&Aacute;C DỤNG NHANH, MẠNH, DIỆT KHUẨN VIRUS, KH&Ocirc;NG ĂN M&Ograve;N KIM LOẠI</strong></p>\r\n\r\n<p><strong>TH&Agrave;NH PHẦN:</strong>&nbsp;Povidone iodine &amp; Dung m&ocirc;i vừa đủ</p>\r\n\r\n<p><strong>C&Ocirc;NG DỤNG:</strong>&nbsp;Diệt vi khuẩn, nấm, vi r&uacute;t, động vật nguy&ecirc;n sinh. Khử tr&ugrave;ng chuồng trại, dụng cụ, phương tiện vận chuyển, khử tr&ugrave;ng &acirc;m đạo, tử cung, s&aacute;t tr&ugrave;ng vết thương, vết mổ tr&ecirc;n gia s&uacute;c, gia cầm</p>\r\n\r\n<p><strong>LIỀU LƯỢNG V&Agrave; C&Aacute;CH D&Ugrave;NG:&nbsp;</strong></p>\r\n\r\n<p>S&aacute;t tr&ugrave;ng chuồng trại, dụng cụ, phương tiện vận chuyển: 1l/100-250l nước phun đều l&ecirc;n c&aacute;c bề mặt chuồng nu&ocirc;i, dụng cụ chăn nu&ocirc;i v&agrave; m&ocirc;i trường xung quanh</p>\r\n\r\n<p>Khủ tr&ugrave;ng nguồn nước: 2l/300m3</p>\r\n\r\n<p>Thụt rửa tử cung v&agrave; v&uacute;: 10ml/5l nước</p>\r\n\r\n<p>S&aacute;t tr&ugrave;ng vết thương, vết mổ: 20ml/2.5l nước</p>\r\n\r\n<p>S&aacute;t tr&ugrave;ng m&aacute;y ấp trứng: 10ml/5l nước</p>\r\n\r\n<p><strong>CHỐNG CHỈ ĐỊNH:</strong>&nbsp;Kh&ocirc;ng d&ugrave;ng cho th&uacute; mẫn cảm với th&agrave;nh phần của thuốc.</p>\r\n\r\n<p><strong>THỜI GIAN NGỪNG SỬ DỤNG THUỐC</strong>: kh&ocirc;ng cần thiết</p>\r\n\r\n<p><strong>BẢO QUẢN:</strong>&nbsp;Nơi kh&ocirc; tho&aacute;ng, nhiệt độ kh&ocirc;ng qu&aacute; 30&deg;C.</p>\r\n', 0, '2025-11-12 15:49:22', NULL),
(47, 13, 'W-MEN HÚT MÙI', 'w-men-hut-mui', 'W-MEN HÚT MÙI – MEN VI SINH BẮT MÙI, HIỆU QUẢ VƯỢT TRỘI, HẾT MÙI NHANH CHỈ SAU VÀI PHÚT', 0.00, NULL, '<p><strong>DẠNG LỎNG</strong></p>\r\n\r\n<p><strong>W-MEN H&Uacute;T M&Ugrave;I &ndash; MEN VI SINH BẮT M&Ugrave;I, HIỆU QUẢ VƯỢT TRỘI, HẾT M&Ugrave;I NHANH CHỈ SAU V&Agrave;I PH&Uacute;T</strong></p>\r\n\r\n<p><strong>TH&Agrave;NH PHẦN:&nbsp;</strong>&nbsp;Bacillus subtillis, Natri, Kali &amp; T&aacute; dược độc quyền.</p>\r\n\r\n<p><strong>C&Ocirc;NG DỤNG</strong>:&nbsp;</p>\r\n\r\n<p>Phun: Trong chuồng nu&ocirc;i đang c&oacute; vật nu&ocirc;i v&agrave; chuồng nu&ocirc;i th&uacute; cảnh, qu&acirc;y &uacute;m g&agrave;, vịt,&hellip;</p>\r\n\r\n<p>Phun: Trong kho để trứng, khay trứng, trong l&ograve; ấp, vỏ trứng sau khi ra l&ograve;</p>\r\n\r\n<p>Phun: Xử l&yacute; r&aacute;c thải hữu cơ chăn nu&ocirc;i, sinh hoạt, cống r&atilde;nh, ph&acirc;n gia s&uacute;c, gia cầm. Xử l&yacute; phế thải n&ocirc;ng nghiệp l&agrave;m ph&acirc;n b&oacute;n hữu cơ vi sinh</p>\r\n\r\n<p>Giảm kh&iacute; độc, tăng lượng oxy trong chuồng nu&ocirc;i</p>\r\n\r\n<p>Chuồng nu&ocirc;i kh&ocirc; sạch, giảm m&ugrave;i. Vật nu&ocirc;i ti&ecirc;u ho&aacute; t&oacute;t, giảm bệnh, lớn nhanh khoẻ mạnh</p>\r\n\r\n<p><strong>C&Aacute;CH D&Ugrave;NG V&Agrave; LIỀU LƯỢNG</strong>:</p>\r\n\r\n<p>Pha sản phẩm với nước sạch v&agrave; phun</p>\r\n\r\n<p>Liều d&ugrave;ng:</p>\r\n\r\n<ul>\r\n	<li>Trong chồng: Định kỳ 15-20 ng&agrave;y phun một lần. Khi cần thiết th&igrave; phun 3 ng&agrave;y li&ecirc;n tiếp. Khi phun pha 1 l&iacute;t sản phẩm với 30 l&iacute;t nước sạch &ndash; phun 200m2</li>\r\n	<li>Ngo&agrave;i chuồng: Định kỳ 30 ng&agrave;y phun 1 lần. Khi cần thiết th&igrave; phun 5 ng&agrave;y li&ecirc;n tiếp. Khi phun pha 1 l&iacute;t sản phẩm với 30 l&iacute;t nước sạch &ndash; phun 300-500 m2</li>\r\n	<li>Bể biogas: 1 l&iacute;t/50m3</li>\r\n	<li>Xử l&yacute; r&aacute;c thải hữu cơ: 1l&iacute;t sản phẩm d&ugrave;ng cho 1-3 tấn r&aacute;c thải, ph&acirc;n.</li>\r\n</ul>\r\n\r\n<p><strong>BẢO QUẢN:</strong>&nbsp;Nơi kh&ocirc; r&aacute;o, tho&aacute;ng m&aacute;t, tr&aacute;nh &aacute;nh s&aacute;ng trực tiếp, nhiệt độ m&aacute;t dưới 32&deg;C.</p>\r\n\r\n<p><strong>LƯU &Yacute;</strong>: Sản phẩm dạng men vi sinh sống n&ecirc;n chai sẽ sinh hơi v&agrave; căng phồng nếu đẻ ở nhiệt độ tr&ecirc;n 35 độ</p>\r\n', 0, '2025-11-12 15:50:05', NULL),
(48, 18, 'DOXY MAX 500', 'doxy-max-500', 'DOXY MAX 500 – ĐẶC TRỊ CÁC BỆNH ĐƯỜNG HÔ HẤP, BỆNH VIÊM PHỔI, CRD, CCRD, HEN GHÉP E.COLI, VIÊM RUỘT TIÊU CHẢY, TỤ HUYẾT TRÙNG', 0.00, NULL, '<p><strong>THUỐC BỘT</strong></p>\r\n\r\n<p><strong>DOXY MAX 500 &ndash; ĐẶC TRỊ C&Aacute;C BỆNH ĐƯỜNG H&Ocirc; HẤP, BỆNH VI&Ecirc;M PHỔI, CRD, CCRD, HEN GH&Eacute;P E.COLI, VI&Ecirc;M RUỘT TI&Ecirc;U CHẢY, TỤ HUYẾT TR&Ugrave;NG</strong></p>\r\n\r\n<p><strong>TH&Agrave;NH PHẦN:</strong>&nbsp;Doxycycline hyclate &amp; T&aacute; dược độc quyền</p>\r\n\r\n<p><strong>C&Ocirc;NG DỤNG:</strong>&nbsp;Trị nhiễm tr&ugrave;ng đường h&ocirc; hấp tr&ecirc;n lợn, g&agrave;</p>\r\n\r\n<p><strong>LIỀU LƯỢNG V&Agrave; C&Aacute;CH D&Ugrave;NG:&nbsp;</strong></p>\r\n\r\n<p><strong>Gia cầm v&agrave; thuỷ cầm</strong>&nbsp; &nbsp; &nbsp; &nbsp; &nbsp; &nbsp; &nbsp; &nbsp;: 1g/25-30kg thể trọng</p>\r\n\r\n<p><strong>Heo</strong>&nbsp; &nbsp; &nbsp; &nbsp; &nbsp; &nbsp; &nbsp; &nbsp; &nbsp; &nbsp; &nbsp; &nbsp; &nbsp; &nbsp; &nbsp; &nbsp; &nbsp; &nbsp; &nbsp; &nbsp; &nbsp; &nbsp; : 1g/50-60kg thể trọng</p>\r\n\r\n<p><strong>B&ecirc;, ngh&eacute;, d&ecirc;, cừu&nbsp;</strong>&nbsp;&nbsp; &nbsp; &nbsp; &nbsp; &nbsp; &nbsp; &nbsp; &nbsp; &nbsp; &nbsp;: 1g/90-100kg thể trọng</p>\r\n\r\n<p><strong>LƯU &Yacute;:</strong>&nbsp;Kh&ocirc;ng d&ugrave;ng qu&aacute; liều quy định.</p>\r\n\r\n<p><strong>CHỐNG CHỈ ĐỊNH:</strong>&nbsp;Kh&ocirc;ng d&ugrave;ng cho th&uacute; mẫn cảm với th&agrave;nh phần của thuốc.</p>\r\n\r\n<p><strong>THỜI GIAN NGỪNG SỬ DỤNG THUỐC</strong>: 7 ng&agrave;y trước khi giết mổ</p>\r\n\r\n<p><strong>BẢO QUẢN:</strong>&nbsp;Nơi kh&ocirc; tho&aacute;ng, nhiệt độ kh&ocirc;ng qu&aacute; 30&deg;C.</p>\r\n', 0, '2025-11-12 15:51:28', NULL),
(49, 18, 'W-ETHOCIN 50', 'w-ethocin-50', 'W-ETHOCIN 50 – ĐẶC TRỊ BỆNH ĐƯỜNG HÔ HẤP HEN, HEN CRD, CCRD, ORT, BỆNH TỤ HUYẾT TRÙNG, BỆNH ĐƯỜNG TIÊU HOÁ E.COLI, THƯƠNG HÀN', 0.00, NULL, '<p><strong>THUỐC BỘT</strong></p>\r\n\r\n<p><strong>W-ETHOCIN 50 &ndash; ĐẶC TRỊ BỆNH ĐƯỜNG H&Ocirc; HẤP HEN, HEN CRD, CCRD, ORT, BỆNH TỤ HUYẾT TR&Ugrave;NG, BỆNH ĐƯỜNG TI&Ecirc;U HO&Aacute; E.COLI, THƯƠNG H&Agrave;N</strong></p>\r\n\r\n<p><strong>TH&Agrave;NH PHẦN:&nbsp;</strong>Erythromycin, Colistin sulfate &amp; T&aacute; dược độc quyền</p>\r\n\r\n<p><strong>C&Ocirc;NG DỤNG:&nbsp;</strong>Trị nhiễm khuẩn đường ti&ecirc;u ho&aacute; tr&ecirc;n tr&acirc;u, b&ograve;, ngựa, lợn, cừu, d&ecirc;, gia cầm</p>\r\n\r\n<p><strong>LIỀU LƯỢNG V&Agrave; C&Aacute;CH D&Ugrave;NG:&nbsp;</strong></p>\r\n\r\n<p><strong>Gia cầm, thuỷ sản</strong>&nbsp; &nbsp; &nbsp; &nbsp; &nbsp; &nbsp; &nbsp; &nbsp; &nbsp; : 1g/4-6l nước hoặc 1g/20-30kg thể trọng/ng&agrave;y</p>\r\n\r\n<p><strong>Gia s&uacute;c&nbsp; &nbsp;</strong>&nbsp; &nbsp; &nbsp; &nbsp; &nbsp; &nbsp; &nbsp; &nbsp; &nbsp; &nbsp; &nbsp; &nbsp; &nbsp; &nbsp; &nbsp; &nbsp; &nbsp;: 1g/6-8l nước hoặc 1g/30-40kg thể trọng/ng&agrave;y</p>\r\n\r\n<p><strong>CHỐNG CHỈ ĐỊNH</strong>: Kh&ocirc;ng d&ugrave;ng cho vật nu&ocirc;i mẫn cảm với th&agrave;nh phần của thuốc</p>\r\n\r\n<p><strong>THỜI GIAN NGỪNG SỬ DỤNG THUỐC</strong>: 7 ng&agrave;y trước khi giết mổ</p>\r\n\r\n<p><strong>BẢO QUẢN:</strong>&nbsp;Nơi kh&ocirc; tho&aacute;ng, nhiệt độ kh&ocirc;ng qu&aacute; 30&deg;C.</p>\r\n', 0, '2025-11-12 15:52:02', NULL),
(50, 18, 'WINQUINOL 600', 'winquinol-600', 'WINQUINOL 600 – ĐIỀU TRỊ VIÊM LƯỠI MẠN TÍNH, ĐIỀU TRỊ BỆNH TIÊU CHẢY, NHIỄM TRÙNG DO NẤM MỐC GÂY RA', 0.00, NULL, '<p><strong>THUỐC BỘT</strong></p>\r\n\r\n<p><strong>WINQUINOL 600 &ndash; ĐIỀU TRỊ VI&Ecirc;M LƯỠI MẠN T&Iacute;NH, ĐIỀU TRỊ BỆNH TI&Ecirc;U CHẢY, NHIỄM TR&Ugrave;NG DO NẤM MỐC G&Acirc;Y RA</strong></p>\r\n\r\n<p><strong>TH&Agrave;NH PHẦN:</strong>&nbsp;Halquinol &amp; T&aacute; dược độc quyền</p>\r\n\r\n<p><strong>C&Ocirc;NG DỤNG:</strong>&nbsp;Trị ti&ecirc;u chảy tr&ecirc;n lợn, gia cầm</p>\r\n\r\n<p><strong>LIỀU LƯỢNG V&Agrave; C&Aacute;CH D&Ugrave;NG:&nbsp;</strong></p>\r\n\r\n<p><strong>Gia cầm, thuỷ sản</strong>&nbsp; &nbsp; &nbsp; &nbsp;: 1g/20-30kg thể trọng</p>\r\n\r\n<p><strong>Heo</strong>&nbsp; &nbsp; &nbsp; &nbsp; &nbsp; &nbsp; &nbsp; &nbsp; &nbsp; &nbsp; &nbsp; &nbsp; &nbsp; &nbsp; &nbsp; &nbsp;: 1g/40-60kg thể trọng</p>\r\n\r\n<p><strong>LƯU &Yacute;:</strong>&nbsp;Kh&ocirc;ng d&ugrave;ng qu&aacute; liều quy định.</p>\r\n\r\n<p><strong>CHỐNG CHỈ ĐỊNH:</strong>&nbsp;Kh&ocirc;ng d&ugrave;ng cho th&uacute; mẫn cảm với th&agrave;nh phần của thuốc.</p>\r\n\r\n<p><strong>THỜI GIAN NGỪNG SỬ DỤNG THUỐC</strong>: 7 ng&agrave;y trước khi giết mổ</p>\r\n\r\n<p><strong>BẢO QUẢN:</strong>&nbsp;Nơi kh&ocirc; tho&aacute;ng, nhiệt độ kh&ocirc;ng qu&aacute; 30&deg;C.</p>\r\n', 0, '2025-11-12 15:55:51', NULL);

-- --------------------------------------------------------

--
-- Table structure for table `product_images`
--

CREATE TABLE `product_images` (
  `id` int(11) NOT NULL,
  `product_id` int(11) NOT NULL,
  `image_path` varchar(255) NOT NULL,
  `sort_order` int(11) DEFAULT 0
) ENGINE=InnoDB DEFAULT CHARSET=utf8mb4 COLLATE=utf8mb4_general_ci;

--
-- Dumping data for table `product_images`
--

INSERT INTO `product_images` (`id`, `product_id`, `image_path`, `sort_order`) VALUES
(2, 1, '1762959750_17295ffdc711.png', 1),
(3, 2, '1762959786_16749af0e70b.png', 0),
(4, 3, '1762959843_0829856f2d9b.png', 0),
(5, 3, '1762959843_6234ccd89135.png', 1),
(6, 3, '1762959843_f4a071714d20.png', 2),
(7, 3, '1762959843_29e5a59c3ebb.png', 3),
(8, 4, '1762959990_9faa695d00b4.png', 0),
(9, 5, '1762960028_1ff0bad8f34f.png', 0),
(10, 6, '1762960061_aae9f3ad0d55.png', 0),
(11, 7, '1762960088_b443fa643acc.png', 0),
(12, 8, '1762960122_004abeea4be1.png', 0),
(13, 9, '1762960177_65872165d40a.png', 0),
(14, 10, '1762960215_f4a97d95009b.png', 0),
(15, 11, '1762960239_41256acb187c.png', 0),
(16, 12, '1762960265_ba07686f5e16.png', 0),
(17, 13, '1762960293_f04106d8b85f.png', 0),
(18, 14, '1762960322_677d3b7a0899.png', 0),
(19, 15, '1762960348_f6cf2d9256a7.png', 0),
(20, 16, '1762960381_7f2bc00b86f2.png', 0),
(21, 17, '1762960413_262818f98693.png', 0),
(22, 18, '1762960753_80fc6ea98825.png', 0),
(23, 19, '1762960783_f6944b5143f3.png', 0),
(24, 20, '1762960809_efda9b6121a3.png', 0),
(25, 21, '1762961038_883055af5125.png', 0),
(26, 22, '1762961076_a75006571fdd.jpg', 0),
(27, 23, '1762961114_89cbd728103e.png', 0),
(28, 24, '1762961142_e6e472f35813.png', 0),
(29, 25, '1762961176_c6de82af5104.jpg', 0),
(30, 26, '1762961210_ec8dd3c7694e.png', 0),
(31, 27, '1762961280_166fc05ab1b8.jpg', 0),
(32, 28, '1762961310_0f3b4091697c.jpg', 0),
(33, 29, '1762961340_a5a24d571dc9.png', 0),
(34, 30, '1762961377_bd8576c16e2c.png', 0),
(35, 31, '1762961409_bf1c42f19f98.png', 0),
(36, 32, '1762961439_208bfdbf1306.png', 0),
(37, 33, '1762961732_64e4cf5d72bd.png', 0),
(38, 34, '1762961770_86cf0344823d.jpg', 0),
(39, 35, '1762961800_c19f4eda6c34.jpg', 0),
(40, 36, '1762961831_a915f352365f.jpg', 0),
(42, 37, '1762961898_ebd3c9c372ff.jpg', 1),
(43, 37, '1762961898_0aefdef143cb.jpg', 2),
(44, 38, '1762961941_40dc86eb8008.jpg', 0),
(45, 39, '1762961979_b87c9a703cc4.png', 0),
(46, 40, '1762962065_63606c8a385b.png', 0),
(47, 41, '1762962094_810cb671d367.png', 0),
(48, 42, '1762962125_1a70715674b4.jpg', 0),
(49, 43, '1762962438_f7a90b4369ff.png', 0),
(50, 44, '1762962471_0dcbffbd2508.png', 0),
(51, 45, '1762962507_884281f6fd88.png', 0),
(52, 46, '1762962562_89ff5abe1c38.png', 0),
(53, 47, '1762962605_09cf98292439.png', 0),
(54, 48, '1762962688_5956cc6873a3.png', 0),
(55, 49, '1762962722_f54bb0b211af.png', 0),
(56, 50, '1762962951_c57849e87a88.png', 0);

-- --------------------------------------------------------

--
-- Table structure for table `users`
--

CREATE TABLE `users` (
  `id` int(11) NOT NULL,
  `username` varchar(100) NOT NULL,
  `password_hash` varchar(255) NOT NULL,
  `created_at` timestamp NOT NULL DEFAULT current_timestamp()
) ENGINE=InnoDB DEFAULT CHARSET=utf8mb4 COLLATE=utf8mb4_general_ci;

--
-- Dumping data for table `users`
--

INSERT INTO `users` (`id`, `username`, `password_hash`, `created_at`) VALUES
(1, 'admin', '$2y$10$LsWaMC12vFGV8ob9P6FS.O3O6D9gEFJp1BHa7I2mxXOSXS.q1vyn6', '2025-11-12 14:29:00');

--
-- Indexes for dumped tables
--

--
-- Indexes for table `banners`
--
ALTER TABLE `banners`
  ADD PRIMARY KEY (`id`),
  ADD KEY `idx_location` (`location_code`,`is_active`,`sort_order`);

--
-- Indexes for table `categories`
--
ALTER TABLE `categories`
  ADD PRIMARY KEY (`id`),
  ADD UNIQUE KEY `slug` (`slug`),
  ADD KEY `idx_type_active` (`type`,`is_active`),
  ADD KEY `idx_slug` (`slug`),
  ADD KEY `idx_parent` (`parent_id`);

--
-- Indexes for table `contact_messages`
--
ALTER TABLE `contact_messages`
  ADD PRIMARY KEY (`id`),
  ADD KEY `idx_is_read` (`is_read`),
  ADD KEY `idx_created_at` (`created_at`);

--
-- Indexes for table `posts`
--
ALTER TABLE `posts`
  ADD PRIMARY KEY (`id`),
  ADD UNIQUE KEY `slug` (`slug`),
  ADD KEY `idx_category` (`category_id`);

--
-- Indexes for table `products`
--
ALTER TABLE `products`
  ADD PRIMARY KEY (`id`),
  ADD UNIQUE KEY `slug` (`slug`),
  ADD KEY `idx_category` (`category_id`),
  ADD KEY `idx_display_order` (`display_order`);

--
-- Indexes for table `product_images`
--
ALTER TABLE `product_images`
  ADD PRIMARY KEY (`id`),
  ADD KEY `product_id` (`product_id`);

--
-- Indexes for table `users`
--
ALTER TABLE `users`
  ADD PRIMARY KEY (`id`),
  ADD UNIQUE KEY `username` (`username`);

--
-- AUTO_INCREMENT for dumped tables
--

--
-- AUTO_INCREMENT for table `banners`
--
ALTER TABLE `banners`
  MODIFY `id` int(11) NOT NULL AUTO_INCREMENT;

--
-- AUTO_INCREMENT for table `categories`
--
ALTER TABLE `categories`
  MODIFY `id` int(11) NOT NULL AUTO_INCREMENT, AUTO_INCREMENT=54;

--
-- AUTO_INCREMENT for table `contact_messages`
--
ALTER TABLE `contact_messages`
  MODIFY `id` int(11) NOT NULL AUTO_INCREMENT;

--
-- AUTO_INCREMENT for table `posts`
--
ALTER TABLE `posts`
  MODIFY `id` int(11) NOT NULL AUTO_INCREMENT, AUTO_INCREMENT=6;

--
-- AUTO_INCREMENT for table `products`
--
ALTER TABLE `products`
  MODIFY `id` int(11) NOT NULL AUTO_INCREMENT, AUTO_INCREMENT=51;

--
-- AUTO_INCREMENT for table `product_images`
--
ALTER TABLE `product_images`
  MODIFY `id` int(11) NOT NULL AUTO_INCREMENT, AUTO_INCREMENT=57;

--
-- AUTO_INCREMENT for table `users`
--
ALTER TABLE `users`
  MODIFY `id` int(11) NOT NULL AUTO_INCREMENT, AUTO_INCREMENT=2;

--
-- Constraints for dumped tables
--

--
-- Constraints for table `categories`
--
ALTER TABLE `categories`
  ADD CONSTRAINT `categories_ibfk_1` FOREIGN KEY (`parent_id`) REFERENCES `categories` (`id`) ON DELETE CASCADE;

--
-- Constraints for table `posts`
--
ALTER TABLE `posts`
  ADD CONSTRAINT `posts_ibfk_1` FOREIGN KEY (`category_id`) REFERENCES `categories` (`id`) ON DELETE SET NULL;

--
-- Constraints for table `products`
--
ALTER TABLE `products`
  ADD CONSTRAINT `products_ibfk_1` FOREIGN KEY (`category_id`) REFERENCES `categories` (`id`) ON DELETE SET NULL;

--
-- Constraints for table `product_images`
--
ALTER TABLE `product_images`
  ADD CONSTRAINT `product_images_ibfk_1` FOREIGN KEY (`product_id`) REFERENCES `products` (`id`) ON DELETE CASCADE;
COMMIT;

/*!40101 SET CHARACTER_SET_CLIENT=@OLD_CHARACTER_SET_CLIENT */;
/*!40101 SET CHARACTER_SET_RESULTS=@OLD_CHARACTER_SET_RESULTS */;
/*!40101 SET COLLATION_CONNECTION=@OLD_COLLATION_CONNECTION */;
